content_id,source,title,source_url,stage,status,started_at,completed_at,duration_seconds,retry_count,error,added_at,pipeline_status
youtube_UEDeptPVNQA,youtube,How to travel Thailand | The PERFECT 2 week Itinerary😍🐘🇹🇭,https://youtube.com/watch?v=UEDeptPVNQA,stage_1_crawl,complete,2025-11-03T18:20:41.011114Z,2025-11-03T18:20:42.651929Z,1.640815,0,,2025-11-03T18:20:39.075649Z,stage_2_chunk_pending
youtube_UEDeptPVNQA,youtube,How to travel Thailand | The PERFECT 2 week Itinerary😍🐘🇹🇭,https://youtube.com/watch?v=UEDeptPVNQA,stage_2_chunk,not_started,,,,0,,2025-11-03T18:20:39.075649Z,stage_2_chunk_pending
youtube_UEDeptPVNQA,youtube,How to travel Thailand | The PERFECT 2 week Itinerary😍🐘🇹🇭,https://youtube.com/watch?v=UEDeptPVNQA,stage_3_extract,not_started,,,,0,,2025-11-03T18:20:39.075649Z,stage_2_chunk_pending
youtube_UEDeptPVNQA,youtube,How to travel Thailand | The PERFECT 2 week Itinerary😍🐘🇹🇭,https://youtube.com/watch?v=UEDeptPVNQA,stage_4_normalize,not_started,,,,0,,2025-11-03T18:20:39.075649Z,stage_2_chunk_pending
youtube_UEDeptPVNQA,youtube,How to travel Thailand | The PERFECT 2 week Itinerary😍🐘🇹🇭,https://youtube.com/watch?v=UEDeptPVNQA,stage_5_embed,not_started,,,,0,,2025-11-03T18:20:39.075649Z,stage_2_chunk_pending
youtube_8m8ReerO060,youtube,THAILAND TRAVEL | 15 Beautiful Places To Visit In Thailand (+ Travel Itineraries & Tips),https://youtube.com/watch?v=8m8ReerO060,stage_1_crawl,complete,2025-11-03T18:20:46.261306Z,2025-11-03T18:20:48.098474Z,1.837168,0,,2025-11-03T18:20:44.407703Z,stage_2_chunk_pending
youtube_8m8ReerO060,youtube,THAILAND TRAVEL | 15 Beautiful Places To Visit In Thailand (+ Travel Itineraries & Tips),https://youtube.com/watch?v=8m8ReerO060,stage_2_chunk,not_started,,,,0,,2025-11-03T18:20:44.407703Z,stage_2_chunk_pending
youtube_8m8ReerO060,youtube,THAILAND TRAVEL | 15 Beautiful Places To Visit In Thailand (+ Travel Itineraries & Tips),https://youtube.com/watch?v=8m8ReerO060,stage_3_extract,not_started,,,,0,,2025-11-03T18:20:44.407703Z,stage_2_chunk_pending
youtube_8m8ReerO060,youtube,THAILAND TRAVEL | 15 Beautiful Places To Visit In Thailand (+ Travel Itineraries & Tips),https://youtube.com/watch?v=8m8ReerO060,stage_4_normalize,not_started,,,,0,,2025-11-03T18:20:44.407703Z,stage_2_chunk_pending
youtube_8m8ReerO060,youtube,THAILAND TRAVEL | 15 Beautiful Places To Visit In Thailand (+ Travel Itineraries & Tips),https://youtube.com/watch?v=8m8ReerO060,stage_5_embed,not_started,,,,0,,2025-11-03T18:20:44.407703Z,stage_2_chunk_pending
youtube_GqeiO6rHPZE,youtube,The ONLY Phuket Itinerary you will EVER Need!,https://youtube.com/watch?v=GqeiO6rHPZE,stage_1_crawl,complete,2025-11-03T18:20:51.560961Z,2025-11-03T18:20:53.152124Z,1.591163,0,,2025-11-03T18:20:49.954259Z,stage_2_chunk_pending
youtube_GqeiO6rHPZE,youtube,The ONLY Phuket Itinerary you will EVER Need!,https://youtube.com/watch?v=GqeiO6rHPZE,stage_2_chunk,not_started,,,,0,,2025-11-03T18:20:49.954259Z,stage_2_chunk_pending
youtube_GqeiO6rHPZE,youtube,The ONLY Phuket Itinerary you will EVER Need!,https://youtube.com/watch?v=GqeiO6rHPZE,stage_3_extract,not_started,,,,0,,2025-11-03T18:20:49.954259Z,stage_2_chunk_pending
youtube_GqeiO6rHPZE,youtube,The ONLY Phuket Itinerary you will EVER Need!,https://youtube.com/watch?v=GqeiO6rHPZE,stage_4_normalize,not_started,,,,0,,2025-11-03T18:20:49.954259Z,stage_2_chunk_pending
youtube_GqeiO6rHPZE,youtube,The ONLY Phuket Itinerary you will EVER Need!,https://youtube.com/watch?v=GqeiO6rHPZE,stage_5_embed,not_started,,,,0,,2025-11-03T18:20:49.954259Z,stage_2_chunk_pending
youtube_aWe5wW-B74U,youtube,How to Spend 7 Days in THAILAND | The Perfect Travel Itinerary,https://youtube.com/watch?v=aWe5wW-B74U,stage_1_crawl,complete,2025-11-03T18:20:56.833974Z,2025-11-03T18:20:58.445201Z,1.611227,0,,2025-11-03T18:20:55.162984Z,stage_2_chunk_pending
youtube_aWe5wW-B74U,youtube,How to Spend 7 Days in THAILAND | The Perfect Travel Itinerary,https://youtube.com/watch?v=aWe5wW-B74U,stage_2_chunk,not_started,,,,0,,2025-11-03T18:20:55.162984Z,stage_2_chunk_pending
youtube_aWe5wW-B74U,youtube,How to Spend 7 Days in THAILAND | The Perfect Travel Itinerary,https://youtube.com/watch?v=aWe5wW-B74U,stage_3_extract,not_started,,,,0,,2025-11-03T18:20:55.162984Z,stage_2_chunk_pending
youtube_aWe5wW-B74U,youtube,How to Spend 7 Days in THAILAND | The Perfect Travel Itinerary,https://youtube.com/watch?v=aWe5wW-B74U,stage_4_normalize,not_started,,,,0,,2025-11-03T18:20:55.162984Z,stage_2_chunk_pending
youtube_aWe5wW-B74U,youtube,How to Spend 7 Days in THAILAND | The Perfect Travel Itinerary,https://youtube.com/watch?v=aWe5wW-B74U,stage_5_embed,not_started,,,,0,,2025-11-03T18:20:55.162984Z,stage_2_chunk_pending
youtube_e0ArKSlgbgY,youtube,"Thailand Travel Ultimate Guide 2025 | Budget, Stay, Scams Itinerary, Unpopular Opinions & more",https://youtube.com/watch?v=e0ArKSlgbgY,stage_1_crawl,complete,2025-11-03T18:21:02.271526Z,2025-11-03T18:21:03.766296Z,1.49477,0,,2025-11-03T18:21:00.584765Z,stage_2_chunk_pending
youtube_e0ArKSlgbgY,youtube,"Thailand Travel Ultimate Guide 2025 | Budget, Stay, Scams Itinerary, Unpopular Opinions & more",https://youtube.com/watch?v=e0ArKSlgbgY,stage_2_chunk,not_started,,,,0,,2025-11-03T18:21:00.584765Z,stage_2_chunk_pending
youtube_e0ArKSlgbgY,youtube,"Thailand Travel Ultimate Guide 2025 | Budget, Stay, Scams Itinerary, Unpopular Opinions & more",https://youtube.com/watch?v=e0ArKSlgbgY,stage_3_extract,not_started,,,,0,,2025-11-03T18:21:00.584765Z,stage_2_chunk_pending
youtube_e0ArKSlgbgY,youtube,"Thailand Travel Ultimate Guide 2025 | Budget, Stay, Scams Itinerary, Unpopular Opinions & more",https://youtube.com/watch?v=e0ArKSlgbgY,stage_4_normalize,not_started,,,,0,,2025-11-03T18:21:00.584765Z,stage_2_chunk_pending
youtube_e0ArKSlgbgY,youtube,"Thailand Travel Ultimate Guide 2025 | Budget, Stay, Scams Itinerary, Unpopular Opinions & more",https://youtube.com/watch?v=e0ArKSlgbgY,stage_5_embed,not_started,,,,0,,2025-11-03T18:21:00.584765Z,stage_2_chunk_pending
youtube_-jULxHfpU60,youtube,10 Essential Thailand Tips in 5 Minutes,https://youtube.com/watch?v=-jULxHfpU60,stage_1_crawl,complete,2025-11-03T18:21:07.678423Z,2025-11-03T18:21:09.479712Z,1.801289,0,,2025-11-03T18:21:05.508671Z,stage_2_chunk_pending
youtube_-jULxHfpU60,youtube,10 Essential Thailand Tips in 5 Minutes,https://youtube.com/watch?v=-jULxHfpU60,stage_2_chunk,not_started,,,,0,,2025-11-03T18:21:05.508671Z,stage_2_chunk_pending
youtube_-jULxHfpU60,youtube,10 Essential Thailand Tips in 5 Minutes,https://youtube.com/watch?v=-jULxHfpU60,stage_3_extract,not_started,,,,0,,2025-11-03T18:21:05.508671Z,stage_2_chunk_pending
youtube_-jULxHfpU60,youtube,10 Essential Thailand Tips in 5 Minutes,https://youtube.com/watch?v=-jULxHfpU60,stage_4_normalize,not_started,,,,0,,2025-11-03T18:21:05.508671Z,stage_2_chunk_pending
youtube_-jULxHfpU60,youtube,10 Essential Thailand Tips in 5 Minutes,https://youtube.com/watch?v=-jULxHfpU60,stage_5_embed,not_started,,,,0,,2025-11-03T18:21:05.508671Z,stage_2_chunk_pending
youtube_vNQR3ixE8AE,youtube,10 Best Places to Visit in Thailand - Travel Video,https://youtube.com/watch?v=vNQR3ixE8AE,stage_1_crawl,complete,2025-11-03T18:21:12.782002Z,2025-11-03T18:21:14.512391Z,1.730389,0,,2025-11-03T18:21:11.145342Z,stage_2_chunk_pending
youtube_vNQR3ixE8AE,youtube,10 Best Places to Visit in Thailand - Travel Video,https://youtube.com/watch?v=vNQR3ixE8AE,stage_2_chunk,not_started,,,,0,,2025-11-03T18:21:11.145342Z,stage_2_chunk_pending
youtube_vNQR3ixE8AE,youtube,10 Best Places to Visit in Thailand - Travel Video,https://youtube.com/watch?v=vNQR3ixE8AE,stage_3_extract,not_started,,,,0,,2025-11-03T18:21:11.145342Z,stage_2_chunk_pending
youtube_vNQR3ixE8AE,youtube,10 Best Places to Visit in Thailand - Travel Video,https://youtube.com/watch?v=vNQR3ixE8AE,stage_4_normalize,not_started,,,,0,,2025-11-03T18:21:11.145342Z,stage_2_chunk_pending
youtube_vNQR3ixE8AE,youtube,10 Best Places to Visit in Thailand - Travel Video,https://youtube.com/watch?v=vNQR3ixE8AE,stage_5_embed,not_started,,,,0,,2025-11-03T18:21:11.145342Z,stage_2_chunk_pending
youtube_jCJEx6S2Igo,youtube,The BEST ISLANDS In Thailand 2026 🇹🇭 (Travel Guide),https://youtube.com/watch?v=jCJEx6S2Igo,stage_1_crawl,complete,2025-11-03T18:21:20.259353Z,2025-11-03T18:21:22.114267Z,1.854914,0,,2025-11-03T18:21:16.375937Z,stage_2_chunk_pending
youtube_jCJEx6S2Igo,youtube,The BEST ISLANDS In Thailand 2026 🇹🇭 (Travel Guide),https://youtube.com/watch?v=jCJEx6S2Igo,stage_2_chunk,not_started,,,,0,,2025-11-03T18:21:16.375937Z,stage_2_chunk_pending
youtube_jCJEx6S2Igo,youtube,The BEST ISLANDS In Thailand 2026 🇹🇭 (Travel Guide),https://youtube.com/watch?v=jCJEx6S2Igo,stage_3_extract,not_started,,,,0,,2025-11-03T18:21:16.375937Z,stage_2_chunk_pending
youtube_jCJEx6S2Igo,youtube,The BEST ISLANDS In Thailand 2026 🇹🇭 (Travel Guide),https://youtube.com/watch?v=jCJEx6S2Igo,stage_4_normalize,not_started,,,,0,,2025-11-03T18:21:16.375937Z,stage_2_chunk_pending
youtube_jCJEx6S2Igo,youtube,The BEST ISLANDS In Thailand 2026 🇹🇭 (Travel Guide),https://youtube.com/watch?v=jCJEx6S2Igo,stage_5_embed,not_started,,,,0,,2025-11-03T18:21:16.375937Z,stage_2_chunk_pending
youtube_8qyhpVsSqyE,youtube,Amazing Places to visit in Thailand - Travel Video,https://youtube.com/watch?v=8qyhpVsSqyE,stage_1_crawl,complete,2025-11-03T18:21:25.380289Z,2025-11-03T18:21:27.096249Z,1.71596,0,,2025-11-03T18:21:23.606048Z,stage_2_chunk_pending
youtube_8qyhpVsSqyE,youtube,Amazing Places to visit in Thailand - Travel Video,https://youtube.com/watch?v=8qyhpVsSqyE,stage_2_chunk,not_started,,,,0,,2025-11-03T18:21:23.606048Z,stage_2_chunk_pending
youtube_8qyhpVsSqyE,youtube,Amazing Places to visit in Thailand - Travel Video,https://youtube.com/watch?v=8qyhpVsSqyE,stage_3_extract,not_started,,,,0,,2025-11-03T18:21:23.606048Z,stage_2_chunk_pending
youtube_8qyhpVsSqyE,youtube,Amazing Places to visit in Thailand - Travel Video,https://youtube.com/watch?v=8qyhpVsSqyE,stage_4_normalize,not_started,,,,0,,2025-11-03T18:21:23.606048Z,stage_2_chunk_pending
youtube_8qyhpVsSqyE,youtube,Amazing Places to visit in Thailand - Travel Video,https://youtube.com/watch?v=8qyhpVsSqyE,stage_5_embed,not_started,,,,0,,2025-11-03T18:21:23.606048Z,stage_2_chunk_pending
youtube_MNuWA3BN8oc,youtube,"Thailand Travel Guide: Bangkok, Chiang Mai & Phuket",https://youtube.com/watch?v=MNuWA3BN8oc,stage_1_crawl,complete,2025-11-03T18:21:30.492408Z,2025-11-03T18:21:32.342747Z,1.850339,0,,2025-11-03T18:21:28.638422Z,stage_2_chunk_pending
youtube_MNuWA3BN8oc,youtube,"Thailand Travel Guide: Bangkok, Chiang Mai & Phuket",https://youtube.com/watch?v=MNuWA3BN8oc,stage_2_chunk,not_started,,,,0,,2025-11-03T18:21:28.638422Z,stage_2_chunk_pending
youtube_MNuWA3BN8oc,youtube,"Thailand Travel Guide: Bangkok, Chiang Mai & Phuket",https://youtube.com/watch?v=MNuWA3BN8oc,stage_3_extract,not_started,,,,0,,2025-11-03T18:21:28.638422Z,stage_2_chunk_pending
youtube_MNuWA3BN8oc,youtube,"Thailand Travel Guide: Bangkok, Chiang Mai & Phuket",https://youtube.com/watch?v=MNuWA3BN8oc,stage_4_normalize,not_started,,,,0,,2025-11-03T18:21:28.638422Z,stage_2_chunk_pending
youtube_MNuWA3BN8oc,youtube,"Thailand Travel Guide: Bangkok, Chiang Mai & Phuket",https://youtube.com/watch?v=MNuWA3BN8oc,stage_5_embed,not_started,,,,0,,2025-11-03T18:21:28.638422Z,stage_2_chunk_pending
youtube_hMejL6tzUyM,youtube,7 Days Thailand Plan | Perfect Thailand Itinerary | Bangkok-Pattaya-Phuket | Phi-Phi & Coral Island,https://youtube.com/watch?v=hMejL6tzUyM,stage_1_crawl,complete,2025-11-03T18:21:35.446567Z,2025-11-03T18:21:37.258419Z,1.811852,0,,2025-11-03T18:21:33.915241Z,stage_2_chunk_pending
youtube_hMejL6tzUyM,youtube,7 Days Thailand Plan | Perfect Thailand Itinerary | Bangkok-Pattaya-Phuket | Phi-Phi & Coral Island,https://youtube.com/watch?v=hMejL6tzUyM,stage_2_chunk,not_started,,,,0,,2025-11-03T18:21:33.915241Z,stage_2_chunk_pending
youtube_hMejL6tzUyM,youtube,7 Days Thailand Plan | Perfect Thailand Itinerary | Bangkok-Pattaya-Phuket | Phi-Phi & Coral Island,https://youtube.com/watch?v=hMejL6tzUyM,stage_3_extract,not_started,,,,0,,2025-11-03T18:21:33.915241Z,stage_2_chunk_pending
youtube_hMejL6tzUyM,youtube,7 Days Thailand Plan | Perfect Thailand Itinerary | Bangkok-Pattaya-Phuket | Phi-Phi & Coral Island,https://youtube.com/watch?v=hMejL6tzUyM,stage_4_normalize,not_started,,,,0,,2025-11-03T18:21:33.915241Z,stage_2_chunk_pending
youtube_hMejL6tzUyM,youtube,7 Days Thailand Plan | Perfect Thailand Itinerary | Bangkok-Pattaya-Phuket | Phi-Phi & Coral Island,https://youtube.com/watch?v=hMejL6tzUyM,stage_5_embed,not_started,,,,0,,2025-11-03T18:21:33.915241Z,stage_2_chunk_pending
youtube_6nzj1uo8Wrk,youtube,The Ultimate 3 Day BANGKOK Itinerary | Thailand Travel Guide (2024),https://youtube.com/watch?v=6nzj1uo8Wrk,stage_1_crawl,complete,2025-11-03T18:23:40.266996Z,2025-11-03T18:23:41.834392Z,1.567396,0,,2025-11-03T18:21:38.912016Z,stage_2_chunk_pending
youtube_6nzj1uo8Wrk,youtube,The Ultimate 3 Day BANGKOK Itinerary | Thailand Travel Guide (2024),https://youtube.com/watch?v=6nzj1uo8Wrk,stage_2_chunk,not_started,,,,0,,2025-11-03T18:21:38.912016Z,stage_2_chunk_pending
youtube_6nzj1uo8Wrk,youtube,The Ultimate 3 Day BANGKOK Itinerary | Thailand Travel Guide (2024),https://youtube.com/watch?v=6nzj1uo8Wrk,stage_3_extract,not_started,,,,0,,2025-11-03T18:21:38.912016Z,stage_2_chunk_pending
youtube_6nzj1uo8Wrk,youtube,The Ultimate 3 Day BANGKOK Itinerary | Thailand Travel Guide (2024),https://youtube.com/watch?v=6nzj1uo8Wrk,stage_4_normalize,not_started,,,,0,,2025-11-03T18:21:38.912016Z,stage_2_chunk_pending
youtube_6nzj1uo8Wrk,youtube,The Ultimate 3 Day BANGKOK Itinerary | Thailand Travel Guide (2024),https://youtube.com/watch?v=6nzj1uo8Wrk,stage_5_embed,not_started,,,,0,,2025-11-03T18:21:38.912016Z,stage_2_chunk_pending
youtube_LJdl-rlrZVU,youtube,Coming To THAILAND | Don't Do These Mistakes #livelovethailand,https://youtube.com/watch?v=LJdl-rlrZVU,stage_1_crawl,complete,2025-11-03T18:21:45.446359Z,2025-11-03T18:21:47.376189Z,1.92983,0,,2025-11-03T18:21:43.829454Z,stage_2_chunk_pending
youtube_LJdl-rlrZVU,youtube,Coming To THAILAND | Don't Do These Mistakes #livelovethailand,https://youtube.com/watch?v=LJdl-rlrZVU,stage_2_chunk,not_started,,,,0,,2025-11-03T18:21:43.829454Z,stage_2_chunk_pending
youtube_LJdl-rlrZVU,youtube,Coming To THAILAND | Don't Do These Mistakes #livelovethailand,https://youtube.com/watch?v=LJdl-rlrZVU,stage_3_extract,not_started,,,,0,,2025-11-03T18:21:43.829454Z,stage_2_chunk_pending
youtube_LJdl-rlrZVU,youtube,Coming To THAILAND | Don't Do These Mistakes #livelovethailand,https://youtube.com/watch?v=LJdl-rlrZVU,stage_4_normalize,not_started,,,,0,,2025-11-03T18:21:43.829454Z,stage_2_chunk_pending
youtube_LJdl-rlrZVU,youtube,Coming To THAILAND | Don't Do These Mistakes #livelovethailand,https://youtube.com/watch?v=LJdl-rlrZVU,stage_5_embed,not_started,,,,0,,2025-11-03T18:21:43.829454Z,stage_2_chunk_pending
youtube_VK3-91Mu9Es,youtube,10 Top Tourist Attractions in Bangkok - Travel Video,https://youtube.com/watch?v=VK3-91Mu9Es,stage_1_crawl,complete,2025-11-03T18:21:51.288059Z,2025-11-03T18:21:52.861656Z,1.573597,0,,2025-11-03T18:21:49.131186Z,stage_2_chunk_pending
youtube_VK3-91Mu9Es,youtube,10 Top Tourist Attractions in Bangkok - Travel Video,https://youtube.com/watch?v=VK3-91Mu9Es,stage_2_chunk,not_started,,,,0,,2025-11-03T18:21:49.131186Z,stage_2_chunk_pending
youtube_VK3-91Mu9Es,youtube,10 Top Tourist Attractions in Bangkok - Travel Video,https://youtube.com/watch?v=VK3-91Mu9Es,stage_3_extract,not_started,,,,0,,2025-11-03T18:21:49.131186Z,stage_2_chunk_pending
youtube_VK3-91Mu9Es,youtube,10 Top Tourist Attractions in Bangkok - Travel Video,https://youtube.com/watch?v=VK3-91Mu9Es,stage_4_normalize,not_started,,,,0,,2025-11-03T18:21:49.131186Z,stage_2_chunk_pending
youtube_VK3-91Mu9Es,youtube,10 Top Tourist Attractions in Bangkok - Travel Video,https://youtube.com/watch?v=VK3-91Mu9Es,stage_5_embed,not_started,,,,0,,2025-11-03T18:21:49.131186Z,stage_2_chunk_pending
youtube_m_pCh6p8_wg,youtube,"PHUKET, THAILAND | 10 BEST Things To Do In & Around Phuket",https://youtube.com/watch?v=m_pCh6p8_wg,stage_1_crawl,complete,2025-11-03T18:21:56.292122Z,2025-11-03T18:21:58.155763Z,1.863641,0,,2025-11-03T18:21:54.474263Z,stage_2_chunk_pending
youtube_m_pCh6p8_wg,youtube,"PHUKET, THAILAND | 10 BEST Things To Do In & Around Phuket",https://youtube.com/watch?v=m_pCh6p8_wg,stage_2_chunk,not_started,,,,0,,2025-11-03T18:21:54.474263Z,stage_2_chunk_pending
youtube_m_pCh6p8_wg,youtube,"PHUKET, THAILAND | 10 BEST Things To Do In & Around Phuket",https://youtube.com/watch?v=m_pCh6p8_wg,stage_3_extract,not_started,,,,0,,2025-11-03T18:21:54.474263Z,stage_2_chunk_pending
youtube_m_pCh6p8_wg,youtube,"PHUKET, THAILAND | 10 BEST Things To Do In & Around Phuket",https://youtube.com/watch?v=m_pCh6p8_wg,stage_4_normalize,not_started,,,,0,,2025-11-03T18:21:54.474263Z,stage_2_chunk_pending
youtube_m_pCh6p8_wg,youtube,"PHUKET, THAILAND | 10 BEST Things To Do In & Around Phuket",https://youtube.com/watch?v=m_pCh6p8_wg,stage_5_embed,not_started,,,,0,,2025-11-03T18:21:54.474263Z,stage_2_chunk_pending
youtube_5Pe9VO9oShg,youtube,"KOH SAMUI, THAILAND | 10 Incredible Things To Do In & Around Koh Samui",https://youtube.com/watch?v=5Pe9VO9oShg,stage_1_crawl,complete,2025-11-03T18:22:01.547042Z,2025-11-03T18:22:03.262110Z,1.715068,0,,2025-11-03T18:21:59.989825Z,stage_2_chunk_pending
youtube_5Pe9VO9oShg,youtube,"KOH SAMUI, THAILAND | 10 Incredible Things To Do In & Around Koh Samui",https://youtube.com/watch?v=5Pe9VO9oShg,stage_2_chunk,not_started,,,,0,,2025-11-03T18:21:59.989825Z,stage_2_chunk_pending
youtube_5Pe9VO9oShg,youtube,"KOH SAMUI, THAILAND | 10 Incredible Things To Do In & Around Koh Samui",https://youtube.com/watch?v=5Pe9VO9oShg,stage_3_extract,not_started,,,,0,,2025-11-03T18:21:59.989825Z,stage_2_chunk_pending
youtube_5Pe9VO9oShg,youtube,"KOH SAMUI, THAILAND | 10 Incredible Things To Do In & Around Koh Samui",https://youtube.com/watch?v=5Pe9VO9oShg,stage_4_normalize,not_started,,,,0,,2025-11-03T18:21:59.989825Z,stage_2_chunk_pending
youtube_5Pe9VO9oShg,youtube,"KOH SAMUI, THAILAND | 10 Incredible Things To Do In & Around Koh Samui",https://youtube.com/watch?v=5Pe9VO9oShg,stage_5_embed,not_started,,,,0,,2025-11-03T18:21:59.989825Z,stage_2_chunk_pending
youtube_4GkQKb_PSAw,youtube,Koh Samui Tourist Places | Krabi Tour Itinerary | How to Reach Ko Samui | Koh Samui Travel Guide,https://youtube.com/watch?v=4GkQKb_PSAw,stage_1_crawl,complete,2025-11-03T18:22:08.195175Z,2025-11-03T18:22:09.699761Z,1.504586,0,,2025-11-03T18:22:04.995066Z,stage_2_chunk_pending
youtube_4GkQKb_PSAw,youtube,Koh Samui Tourist Places | Krabi Tour Itinerary | How to Reach Ko Samui | Koh Samui Travel Guide,https://youtube.com/watch?v=4GkQKb_PSAw,stage_2_chunk,not_started,,,,0,,2025-11-03T18:22:04.995066Z,stage_2_chunk_pending
youtube_4GkQKb_PSAw,youtube,Koh Samui Tourist Places | Krabi Tour Itinerary | How to Reach Ko Samui | Koh Samui Travel Guide,https://youtube.com/watch?v=4GkQKb_PSAw,stage_3_extract,not_started,,,,0,,2025-11-03T18:22:04.995066Z,stage_2_chunk_pending
youtube_4GkQKb_PSAw,youtube,Koh Samui Tourist Places | Krabi Tour Itinerary | How to Reach Ko Samui | Koh Samui Travel Guide,https://youtube.com/watch?v=4GkQKb_PSAw,stage_4_normalize,not_started,,,,0,,2025-11-03T18:22:04.995066Z,stage_2_chunk_pending
youtube_4GkQKb_PSAw,youtube,Koh Samui Tourist Places | Krabi Tour Itinerary | How to Reach Ko Samui | Koh Samui Travel Guide,https://youtube.com/watch?v=4GkQKb_PSAw,stage_5_embed,not_started,,,,0,,2025-11-03T18:22:04.995066Z,stage_2_chunk_pending
youtube_TWyR0uUij8E,youtube,"Koh Samui, Phangan & Tao - Thailand Travel Guide 4K - Best Things To Do & Places To Visit",https://youtube.com/watch?v=TWyR0uUij8E,stage_1_crawl,complete,2025-11-03T18:26:26.602937Z,2025-11-03T18:26:28.413720Z,1.810783,0,,2025-11-03T18:22:11.448955Z,stage_2_chunk_pending
youtube_TWyR0uUij8E,youtube,"Koh Samui, Phangan & Tao - Thailand Travel Guide 4K - Best Things To Do & Places To Visit",https://youtube.com/watch?v=TWyR0uUij8E,stage_2_chunk,not_started,,,,0,,2025-11-03T18:22:11.448955Z,stage_2_chunk_pending
youtube_TWyR0uUij8E,youtube,"Koh Samui, Phangan & Tao - Thailand Travel Guide 4K - Best Things To Do & Places To Visit",https://youtube.com/watch?v=TWyR0uUij8E,stage_3_extract,not_started,,,,0,,2025-11-03T18:22:11.448955Z,stage_2_chunk_pending
youtube_TWyR0uUij8E,youtube,"Koh Samui, Phangan & Tao - Thailand Travel Guide 4K - Best Things To Do & Places To Visit",https://youtube.com/watch?v=TWyR0uUij8E,stage_4_normalize,not_started,,,,0,,2025-11-03T18:22:11.448955Z,stage_2_chunk_pending
youtube_TWyR0uUij8E,youtube,"Koh Samui, Phangan & Tao - Thailand Travel Guide 4K - Best Things To Do & Places To Visit",https://youtube.com/watch?v=TWyR0uUij8E,stage_5_embed,not_started,,,,0,,2025-11-03T18:22:11.448955Z,stage_2_chunk_pending
youtube_w_h4utVBus4,youtube,"The ULTIMATE Koh Samui Itinerary - Beaches, Nightlife, Temples",https://youtube.com/watch?v=w_h4utVBus4,stage_1_crawl,complete,2025-11-03T18:22:18.193826Z,2025-11-03T18:22:19.711363Z,1.517537,0,,2025-11-03T18:22:16.524036Z,stage_2_chunk_pending
youtube_w_h4utVBus4,youtube,"The ULTIMATE Koh Samui Itinerary - Beaches, Nightlife, Temples",https://youtube.com/watch?v=w_h4utVBus4,stage_2_chunk,not_started,,,,0,,2025-11-03T18:22:16.524036Z,stage_2_chunk_pending
youtube_w_h4utVBus4,youtube,"The ULTIMATE Koh Samui Itinerary - Beaches, Nightlife, Temples",https://youtube.com/watch?v=w_h4utVBus4,stage_3_extract,not_started,,,,0,,2025-11-03T18:22:16.524036Z,stage_2_chunk_pending
youtube_w_h4utVBus4,youtube,"The ULTIMATE Koh Samui Itinerary - Beaches, Nightlife, Temples",https://youtube.com/watch?v=w_h4utVBus4,stage_4_normalize,not_started,,,,0,,2025-11-03T18:22:16.524036Z,stage_2_chunk_pending
youtube_w_h4utVBus4,youtube,"The ULTIMATE Koh Samui Itinerary - Beaches, Nightlife, Temples",https://youtube.com/watch?v=w_h4utVBus4,stage_5_embed,not_started,,,,0,,2025-11-03T18:22:16.524036Z,stage_2_chunk_pending
youtube_xO0IKCJ8sps,youtube,First-Timer's Guide to Koh Samui | Thailand Travel Vlog #4,https://youtube.com/watch?v=xO0IKCJ8sps,stage_1_crawl,complete,2025-11-03T18:22:22.993128Z,2025-11-03T18:22:24.854963Z,1.861835,0,,2025-11-03T18:22:21.315132Z,stage_2_chunk_pending
youtube_xO0IKCJ8sps,youtube,First-Timer's Guide to Koh Samui | Thailand Travel Vlog #4,https://youtube.com/watch?v=xO0IKCJ8sps,stage_2_chunk,not_started,,,,0,,2025-11-03T18:22:21.315132Z,stage_2_chunk_pending
youtube_xO0IKCJ8sps,youtube,First-Timer's Guide to Koh Samui | Thailand Travel Vlog #4,https://youtube.com/watch?v=xO0IKCJ8sps,stage_3_extract,not_started,,,,0,,2025-11-03T18:22:21.315132Z,stage_2_chunk_pending
youtube_xO0IKCJ8sps,youtube,First-Timer's Guide to Koh Samui | Thailand Travel Vlog #4,https://youtube.com/watch?v=xO0IKCJ8sps,stage_4_normalize,not_started,,,,0,,2025-11-03T18:22:21.315132Z,stage_2_chunk_pending
youtube_xO0IKCJ8sps,youtube,First-Timer's Guide to Koh Samui | Thailand Travel Vlog #4,https://youtube.com/watch?v=xO0IKCJ8sps,stage_5_embed,not_started,,,,0,,2025-11-03T18:22:21.315132Z,stage_2_chunk_pending
youtube_dWNiALx6ZEw,youtube,Koh Samui ESSENTIAL guide for your 2025 travel,https://youtube.com/watch?v=dWNiALx6ZEw,stage_1_crawl,complete,2025-11-03T18:22:28.353328Z,2025-11-03T18:22:33.171182Z,4.817854,0,,2025-11-03T18:22:26.513133Z,stage_2_chunk_pending
youtube_dWNiALx6ZEw,youtube,Koh Samui ESSENTIAL guide for your 2025 travel,https://youtube.com/watch?v=dWNiALx6ZEw,stage_2_chunk,not_started,,,,0,,2025-11-03T18:22:26.513133Z,stage_2_chunk_pending
youtube_dWNiALx6ZEw,youtube,Koh Samui ESSENTIAL guide for your 2025 travel,https://youtube.com/watch?v=dWNiALx6ZEw,stage_3_extract,not_started,,,,0,,2025-11-03T18:22:26.513133Z,stage_2_chunk_pending
youtube_dWNiALx6ZEw,youtube,Koh Samui ESSENTIAL guide for your 2025 travel,https://youtube.com/watch?v=dWNiALx6ZEw,stage_4_normalize,not_started,,,,0,,2025-11-03T18:22:26.513133Z,stage_2_chunk_pending
youtube_dWNiALx6ZEw,youtube,Koh Samui ESSENTIAL guide for your 2025 travel,https://youtube.com/watch?v=dWNiALx6ZEw,stage_5_embed,not_started,,,,0,,2025-11-03T18:22:26.513133Z,stage_2_chunk_pending
youtube_KpfPvR8lZcM,youtube,"KOH PHANGAN, THAILAND | 10 Incredible Things To Do In & Around Koh Phangan",https://youtube.com/watch?v=KpfPvR8lZcM,stage_1_crawl,complete,2025-11-03T18:22:36.446725Z,2025-11-03T18:22:38.137886Z,1.691161,0,,2025-11-03T18:22:34.903809Z,stage_2_chunk_pending
youtube_KpfPvR8lZcM,youtube,"KOH PHANGAN, THAILAND | 10 Incredible Things To Do In & Around Koh Phangan",https://youtube.com/watch?v=KpfPvR8lZcM,stage_2_chunk,not_started,,,,0,,2025-11-03T18:22:34.903809Z,stage_2_chunk_pending
youtube_KpfPvR8lZcM,youtube,"KOH PHANGAN, THAILAND | 10 Incredible Things To Do In & Around Koh Phangan",https://youtube.com/watch?v=KpfPvR8lZcM,stage_3_extract,not_started,,,,0,,2025-11-03T18:22:34.903809Z,stage_2_chunk_pending
youtube_KpfPvR8lZcM,youtube,"KOH PHANGAN, THAILAND | 10 Incredible Things To Do In & Around Koh Phangan",https://youtube.com/watch?v=KpfPvR8lZcM,stage_4_normalize,not_started,,,,0,,2025-11-03T18:22:34.903809Z,stage_2_chunk_pending
youtube_KpfPvR8lZcM,youtube,"KOH PHANGAN, THAILAND | 10 Incredible Things To Do In & Around Koh Phangan",https://youtube.com/watch?v=KpfPvR8lZcM,stage_5_embed,not_started,,,,0,,2025-11-03T18:22:34.903809Z,stage_2_chunk_pending
youtube_ahm92IzBeqw,youtube,"15 Things I Wish I Knew BEFORE Visiting KOH PHANGAN, THAILAND (2025)",https://youtube.com/watch?v=ahm92IzBeqw,stage_1_crawl,complete,2025-11-03T18:22:41.634661Z,2025-11-03T18:22:43.552574Z,1.917913,0,,2025-11-03T18:22:39.922869Z,stage_2_chunk_pending
youtube_ahm92IzBeqw,youtube,"15 Things I Wish I Knew BEFORE Visiting KOH PHANGAN, THAILAND (2025)",https://youtube.com/watch?v=ahm92IzBeqw,stage_2_chunk,not_started,,,,0,,2025-11-03T18:22:39.922869Z,stage_2_chunk_pending
youtube_ahm92IzBeqw,youtube,"15 Things I Wish I Knew BEFORE Visiting KOH PHANGAN, THAILAND (2025)",https://youtube.com/watch?v=ahm92IzBeqw,stage_3_extract,not_started,,,,0,,2025-11-03T18:22:39.922869Z,stage_2_chunk_pending
youtube_ahm92IzBeqw,youtube,"15 Things I Wish I Knew BEFORE Visiting KOH PHANGAN, THAILAND (2025)",https://youtube.com/watch?v=ahm92IzBeqw,stage_4_normalize,not_started,,,,0,,2025-11-03T18:22:39.922869Z,stage_2_chunk_pending
youtube_ahm92IzBeqw,youtube,"15 Things I Wish I Knew BEFORE Visiting KOH PHANGAN, THAILAND (2025)",https://youtube.com/watch?v=ahm92IzBeqw,stage_5_embed,not_started,,,,0,,2025-11-03T18:22:39.922869Z,stage_2_chunk_pending
youtube_X1w7o3tGjkk,youtube,Surat Thani Thailand Travel Guide: 11 BEST Things To Do In Surat Thani,https://youtube.com/watch?v=X1w7o3tGjkk,stage_1_crawl,complete,2025-11-03T18:22:47.096574Z,2025-11-03T18:22:48.836424Z,1.73985,0,,2025-11-03T18:22:45.397168Z,stage_2_chunk_pending
youtube_X1w7o3tGjkk,youtube,Surat Thani Thailand Travel Guide: 11 BEST Things To Do In Surat Thani,https://youtube.com/watch?v=X1w7o3tGjkk,stage_2_chunk,not_started,,,,0,,2025-11-03T18:22:45.397168Z,stage_2_chunk_pending
youtube_X1w7o3tGjkk,youtube,Surat Thani Thailand Travel Guide: 11 BEST Things To Do In Surat Thani,https://youtube.com/watch?v=X1w7o3tGjkk,stage_3_extract,not_started,,,,0,,2025-11-03T18:22:45.397168Z,stage_2_chunk_pending
youtube_X1w7o3tGjkk,youtube,Surat Thani Thailand Travel Guide: 11 BEST Things To Do In Surat Thani,https://youtube.com/watch?v=X1w7o3tGjkk,stage_4_normalize,not_started,,,,0,,2025-11-03T18:22:45.397168Z,stage_2_chunk_pending
youtube_X1w7o3tGjkk,youtube,Surat Thani Thailand Travel Guide: 11 BEST Things To Do In Surat Thani,https://youtube.com/watch?v=X1w7o3tGjkk,stage_5_embed,not_started,,,,0,,2025-11-03T18:22:45.397168Z,stage_2_chunk_pending
youtube_kq1OnxnayBg,youtube,BANGKOK to Surat Thani NIGHT TRAIN | What to EXPECT!,https://youtube.com/watch?v=kq1OnxnayBg,stage_1_crawl,complete,2025-11-03T18:22:52.514982Z,2025-11-03T18:22:54.440568Z,1.925586,0,,2025-11-03T18:22:50.784921Z,stage_2_chunk_pending
youtube_kq1OnxnayBg,youtube,BANGKOK to Surat Thani NIGHT TRAIN | What to EXPECT!,https://youtube.com/watch?v=kq1OnxnayBg,stage_2_chunk,not_started,,,,0,,2025-11-03T18:22:50.784921Z,stage_2_chunk_pending
youtube_kq1OnxnayBg,youtube,BANGKOK to Surat Thani NIGHT TRAIN | What to EXPECT!,https://youtube.com/watch?v=kq1OnxnayBg,stage_3_extract,not_started,,,,0,,2025-11-03T18:22:50.784921Z,stage_2_chunk_pending
youtube_kq1OnxnayBg,youtube,BANGKOK to Surat Thani NIGHT TRAIN | What to EXPECT!,https://youtube.com/watch?v=kq1OnxnayBg,stage_4_normalize,not_started,,,,0,,2025-11-03T18:22:50.784921Z,stage_2_chunk_pending
youtube_kq1OnxnayBg,youtube,BANGKOK to Surat Thani NIGHT TRAIN | What to EXPECT!,https://youtube.com/watch?v=kq1OnxnayBg,stage_5_embed,not_started,,,,0,,2025-11-03T18:22:50.784921Z,stage_2_chunk_pending
youtube_VAZQELMXSIE,youtube,Surat Thani: Thailand's Underrated Non-Touristy City You Need to Visit,https://youtube.com/watch?v=VAZQELMXSIE,stage_1_crawl,complete,2025-11-03T18:22:58.258284Z,2025-11-03T18:22:59.979078Z,1.720794,0,,2025-11-03T18:22:56.415131Z,stage_2_chunk_pending
youtube_VAZQELMXSIE,youtube,Surat Thani: Thailand's Underrated Non-Touristy City You Need to Visit,https://youtube.com/watch?v=VAZQELMXSIE,stage_2_chunk,not_started,,,,0,,2025-11-03T18:22:56.415131Z,stage_2_chunk_pending
youtube_VAZQELMXSIE,youtube,Surat Thani: Thailand's Underrated Non-Touristy City You Need to Visit,https://youtube.com/watch?v=VAZQELMXSIE,stage_3_extract,not_started,,,,0,,2025-11-03T18:22:56.415131Z,stage_2_chunk_pending
youtube_VAZQELMXSIE,youtube,Surat Thani: Thailand's Underrated Non-Touristy City You Need to Visit,https://youtube.com/watch?v=VAZQELMXSIE,stage_4_normalize,not_started,,,,0,,2025-11-03T18:22:56.415131Z,stage_2_chunk_pending
youtube_VAZQELMXSIE,youtube,Surat Thani: Thailand's Underrated Non-Touristy City You Need to Visit,https://youtube.com/watch?v=VAZQELMXSIE,stage_5_embed,not_started,,,,0,,2025-11-03T18:22:56.415131Z,stage_2_chunk_pending
youtube_Jnnay4dj9go,youtube,"Surat Thani! Top 12 Places to Visit in Surat Thani, Thaniland. Ultimate Travel Guide.",https://youtube.com/watch?v=Jnnay4dj9go,stage_1_crawl,complete,2025-11-03T18:23:03.484647Z,2025-11-03T18:23:05.250884Z,1.766237,0,,2025-11-03T18:23:01.806354Z,stage_2_chunk_pending
youtube_Jnnay4dj9go,youtube,"Surat Thani! Top 12 Places to Visit in Surat Thani, Thaniland. Ultimate Travel Guide.",https://youtube.com/watch?v=Jnnay4dj9go,stage_2_chunk,not_started,,,,0,,2025-11-03T18:23:01.806354Z,stage_2_chunk_pending
youtube_Jnnay4dj9go,youtube,"Surat Thani! Top 12 Places to Visit in Surat Thani, Thaniland. Ultimate Travel Guide.",https://youtube.com/watch?v=Jnnay4dj9go,stage_3_extract,not_started,,,,0,,2025-11-03T18:23:01.806354Z,stage_2_chunk_pending
youtube_Jnnay4dj9go,youtube,"Surat Thani! Top 12 Places to Visit in Surat Thani, Thaniland. Ultimate Travel Guide.",https://youtube.com/watch?v=Jnnay4dj9go,stage_4_normalize,not_started,,,,0,,2025-11-03T18:23:01.806354Z,stage_2_chunk_pending
youtube_Jnnay4dj9go,youtube,"Surat Thani! Top 12 Places to Visit in Surat Thani, Thaniland. Ultimate Travel Guide.",https://youtube.com/watch?v=Jnnay4dj9go,stage_5_embed,not_started,,,,0,,2025-11-03T18:23:01.806354Z,stage_2_chunk_pending
youtube_0WP2goc9oME,youtube,The ONLY Krabi itinerary you will EVER need!,https://youtube.com/watch?v=0WP2goc9oME,stage_1_crawl,complete,2025-11-03T18:23:08.907147Z,2025-11-03T18:23:10.690674Z,1.783527,0,,2025-11-03T18:23:07.128623Z,stage_2_chunk_pending
youtube_0WP2goc9oME,youtube,The ONLY Krabi itinerary you will EVER need!,https://youtube.com/watch?v=0WP2goc9oME,stage_2_chunk,not_started,,,,0,,2025-11-03T18:23:07.128623Z,stage_2_chunk_pending
youtube_0WP2goc9oME,youtube,The ONLY Krabi itinerary you will EVER need!,https://youtube.com/watch?v=0WP2goc9oME,stage_3_extract,not_started,,,,0,,2025-11-03T18:23:07.128623Z,stage_2_chunk_pending
youtube_0WP2goc9oME,youtube,The ONLY Krabi itinerary you will EVER need!,https://youtube.com/watch?v=0WP2goc9oME,stage_4_normalize,not_started,,,,0,,2025-11-03T18:23:07.128623Z,stage_2_chunk_pending
youtube_0WP2goc9oME,youtube,The ONLY Krabi itinerary you will EVER need!,https://youtube.com/watch?v=0WP2goc9oME,stage_5_embed,not_started,,,,0,,2025-11-03T18:23:07.128623Z,stage_2_chunk_pending
youtube_HTwP6yO21Yc,youtube,"KRABI, THAILAND | 10 BEST Things To Do In Krabi (Ao Nang & Around)",https://youtube.com/watch?v=HTwP6yO21Yc,stage_1_crawl,complete,2025-11-03T18:24:35.769418Z,2025-11-03T18:24:37.479757Z,1.710339,0,,2025-11-03T18:23:12.522553Z,stage_2_chunk_pending
youtube_HTwP6yO21Yc,youtube,"KRABI, THAILAND | 10 BEST Things To Do In Krabi (Ao Nang & Around)",https://youtube.com/watch?v=HTwP6yO21Yc,stage_2_chunk,not_started,,,,0,,2025-11-03T18:23:12.522553Z,stage_2_chunk_pending
youtube_HTwP6yO21Yc,youtube,"KRABI, THAILAND | 10 BEST Things To Do In Krabi (Ao Nang & Around)",https://youtube.com/watch?v=HTwP6yO21Yc,stage_3_extract,not_started,,,,0,,2025-11-03T18:23:12.522553Z,stage_2_chunk_pending
youtube_HTwP6yO21Yc,youtube,"KRABI, THAILAND | 10 BEST Things To Do In Krabi (Ao Nang & Around)",https://youtube.com/watch?v=HTwP6yO21Yc,stage_4_normalize,not_started,,,,0,,2025-11-03T18:23:12.522553Z,stage_2_chunk_pending
youtube_HTwP6yO21Yc,youtube,"KRABI, THAILAND | 10 BEST Things To Do In Krabi (Ao Nang & Around)",https://youtube.com/watch?v=HTwP6yO21Yc,stage_5_embed,not_started,,,,0,,2025-11-03T18:23:12.522553Z,stage_2_chunk_pending
youtube_tWXVFbLwRPI,youtube,How to Spend 5 Days in KRABI Thailand | The Perfect Travel Itinerary,https://youtube.com/watch?v=tWXVFbLwRPI,stage_1_crawl,complete,2025-11-03T18:23:19.388013Z,2025-11-03T18:23:21.050564Z,1.662551,0,,2025-11-03T18:23:17.834619Z,stage_2_chunk_pending
youtube_tWXVFbLwRPI,youtube,How to Spend 5 Days in KRABI Thailand | The Perfect Travel Itinerary,https://youtube.com/watch?v=tWXVFbLwRPI,stage_2_chunk,not_started,,,,0,,2025-11-03T18:23:17.834619Z,stage_2_chunk_pending
youtube_tWXVFbLwRPI,youtube,How to Spend 5 Days in KRABI Thailand | The Perfect Travel Itinerary,https://youtube.com/watch?v=tWXVFbLwRPI,stage_3_extract,not_started,,,,0,,2025-11-03T18:23:17.834619Z,stage_2_chunk_pending
youtube_tWXVFbLwRPI,youtube,How to Spend 5 Days in KRABI Thailand | The Perfect Travel Itinerary,https://youtube.com/watch?v=tWXVFbLwRPI,stage_4_normalize,not_started,,,,0,,2025-11-03T18:23:17.834619Z,stage_2_chunk_pending
youtube_tWXVFbLwRPI,youtube,How to Spend 5 Days in KRABI Thailand | The Perfect Travel Itinerary,https://youtube.com/watch?v=tWXVFbLwRPI,stage_5_embed,not_started,,,,0,,2025-11-03T18:23:17.834619Z,stage_2_chunk_pending
youtube_LH3SEhs5rRo,youtube,"KRABI THAILAND: what we WISH we knew, prices & where to go || Thailand Travel Vlog 2022",https://youtube.com/watch?v=LH3SEhs5rRo,stage_1_crawl,complete,2025-11-03T18:23:24.775320Z,2025-11-03T18:23:26.615242Z,1.839922,0,,2025-11-03T18:23:22.915606Z,stage_2_chunk_pending
youtube_LH3SEhs5rRo,youtube,"KRABI THAILAND: what we WISH we knew, prices & where to go || Thailand Travel Vlog 2022",https://youtube.com/watch?v=LH3SEhs5rRo,stage_2_chunk,not_started,,,,0,,2025-11-03T18:23:22.915606Z,stage_2_chunk_pending
youtube_LH3SEhs5rRo,youtube,"KRABI THAILAND: what we WISH we knew, prices & where to go || Thailand Travel Vlog 2022",https://youtube.com/watch?v=LH3SEhs5rRo,stage_3_extract,not_started,,,,0,,2025-11-03T18:23:22.915606Z,stage_2_chunk_pending
youtube_LH3SEhs5rRo,youtube,"KRABI THAILAND: what we WISH we knew, prices & where to go || Thailand Travel Vlog 2022",https://youtube.com/watch?v=LH3SEhs5rRo,stage_4_normalize,not_started,,,,0,,2025-11-03T18:23:22.915606Z,stage_2_chunk_pending
youtube_LH3SEhs5rRo,youtube,"KRABI THAILAND: what we WISH we knew, prices & where to go || Thailand Travel Vlog 2022",https://youtube.com/watch?v=LH3SEhs5rRo,stage_5_embed,not_started,,,,0,,2025-11-03T18:23:22.915606Z,stage_2_chunk_pending
youtube_ub8_GxHvSy4,youtube,The ULTIMATE Bangkok Itinerary for FIRST TIME Visitors!,https://youtube.com/watch?v=ub8_GxHvSy4,stage_1_crawl,complete,2025-11-03T18:23:30.113088Z,2025-11-03T18:23:31.643388Z,1.5303,0,,2025-11-03T18:23:28.485505Z,stage_2_chunk_pending
youtube_ub8_GxHvSy4,youtube,The ULTIMATE Bangkok Itinerary for FIRST TIME Visitors!,https://youtube.com/watch?v=ub8_GxHvSy4,stage_2_chunk,not_started,,,,0,,2025-11-03T18:23:28.485505Z,stage_2_chunk_pending
youtube_ub8_GxHvSy4,youtube,The ULTIMATE Bangkok Itinerary for FIRST TIME Visitors!,https://youtube.com/watch?v=ub8_GxHvSy4,stage_3_extract,not_started,,,,0,,2025-11-03T18:23:28.485505Z,stage_2_chunk_pending
youtube_ub8_GxHvSy4,youtube,The ULTIMATE Bangkok Itinerary for FIRST TIME Visitors!,https://youtube.com/watch?v=ub8_GxHvSy4,stage_4_normalize,not_started,,,,0,,2025-11-03T18:23:28.485505Z,stage_2_chunk_pending
youtube_ub8_GxHvSy4,youtube,The ULTIMATE Bangkok Itinerary for FIRST TIME Visitors!,https://youtube.com/watch?v=ub8_GxHvSy4,stage_5_embed,not_started,,,,0,,2025-11-03T18:23:28.485505Z,stage_2_chunk_pending
youtube_MpzJbmDzR-E,youtube,How to Spend 4 Days in BANGKOK Thailand,https://youtube.com/watch?v=MpzJbmDzR-E,stage_1_crawl,complete,2025-11-03T18:23:34.892194Z,2025-11-03T18:23:36.763548Z,1.871354,0,,2025-11-03T18:23:33.315344Z,stage_2_chunk_pending
youtube_MpzJbmDzR-E,youtube,How to Spend 4 Days in BANGKOK Thailand,https://youtube.com/watch?v=MpzJbmDzR-E,stage_2_chunk,not_started,,,,0,,2025-11-03T18:23:33.315344Z,stage_2_chunk_pending
youtube_MpzJbmDzR-E,youtube,How to Spend 4 Days in BANGKOK Thailand,https://youtube.com/watch?v=MpzJbmDzR-E,stage_3_extract,not_started,,,,0,,2025-11-03T18:23:33.315344Z,stage_2_chunk_pending
youtube_MpzJbmDzR-E,youtube,How to Spend 4 Days in BANGKOK Thailand,https://youtube.com/watch?v=MpzJbmDzR-E,stage_4_normalize,not_started,,,,0,,2025-11-03T18:23:33.315344Z,stage_2_chunk_pending
youtube_MpzJbmDzR-E,youtube,How to Spend 4 Days in BANGKOK Thailand,https://youtube.com/watch?v=MpzJbmDzR-E,stage_5_embed,not_started,,,,0,,2025-11-03T18:23:33.315344Z,stage_2_chunk_pending
youtube_spkQnL6TpXk,youtube,How to Spend 3 Days in CHIANG MAI Thailand | Travel Guide,https://youtube.com/watch?v=spkQnL6TpXk,stage_1_crawl,complete,2025-11-03T18:23:45.568408Z,2025-11-03T18:23:47.271987Z,1.703579,0,,2025-11-03T18:23:43.561782Z,stage_2_chunk_pending
youtube_spkQnL6TpXk,youtube,How to Spend 3 Days in CHIANG MAI Thailand | Travel Guide,https://youtube.com/watch?v=spkQnL6TpXk,stage_2_chunk,not_started,,,,0,,2025-11-03T18:23:43.561782Z,stage_2_chunk_pending
youtube_spkQnL6TpXk,youtube,How to Spend 3 Days in CHIANG MAI Thailand | Travel Guide,https://youtube.com/watch?v=spkQnL6TpXk,stage_3_extract,not_started,,,,0,,2025-11-03T18:23:43.561782Z,stage_2_chunk_pending
youtube_spkQnL6TpXk,youtube,How to Spend 3 Days in CHIANG MAI Thailand | Travel Guide,https://youtube.com/watch?v=spkQnL6TpXk,stage_4_normalize,not_started,,,,0,,2025-11-03T18:23:43.561782Z,stage_2_chunk_pending
youtube_spkQnL6TpXk,youtube,How to Spend 3 Days in CHIANG MAI Thailand | Travel Guide,https://youtube.com/watch?v=spkQnL6TpXk,stage_5_embed,not_started,,,,0,,2025-11-03T18:23:43.561782Z,stage_2_chunk_pending
youtube_Lf9eSG9r2uY,youtube,The ONLY Chiang Mai Itinerary You Will EVER Need,https://youtube.com/watch?v=Lf9eSG9r2uY,stage_1_crawl,complete,2025-11-03T18:23:50.915253Z,2025-11-03T18:23:52.516046Z,1.600793,0,,2025-11-03T18:23:49.115383Z,stage_2_chunk_pending
youtube_Lf9eSG9r2uY,youtube,The ONLY Chiang Mai Itinerary You Will EVER Need,https://youtube.com/watch?v=Lf9eSG9r2uY,stage_2_chunk,not_started,,,,0,,2025-11-03T18:23:49.115383Z,stage_2_chunk_pending
youtube_Lf9eSG9r2uY,youtube,The ONLY Chiang Mai Itinerary You Will EVER Need,https://youtube.com/watch?v=Lf9eSG9r2uY,stage_3_extract,not_started,,,,0,,2025-11-03T18:23:49.115383Z,stage_2_chunk_pending
youtube_Lf9eSG9r2uY,youtube,The ONLY Chiang Mai Itinerary You Will EVER Need,https://youtube.com/watch?v=Lf9eSG9r2uY,stage_4_normalize,not_started,,,,0,,2025-11-03T18:23:49.115383Z,stage_2_chunk_pending
youtube_Lf9eSG9r2uY,youtube,The ONLY Chiang Mai Itinerary You Will EVER Need,https://youtube.com/watch?v=Lf9eSG9r2uY,stage_5_embed,not_started,,,,0,,2025-11-03T18:23:49.115383Z,stage_2_chunk_pending
youtube_UFv5RuUxIO4,youtube,Chiang Mai Thailand | Thailand Tourist Places | Thailand Tour Guide | Thailand Tourism Chiang Mai,https://youtube.com/watch?v=UFv5RuUxIO4,stage_1_crawl,complete,2025-11-03T18:23:56.243614Z,2025-11-03T18:23:57.834568Z,1.590954,0,,2025-11-03T18:23:54.273385Z,stage_2_chunk_pending
youtube_UFv5RuUxIO4,youtube,Chiang Mai Thailand | Thailand Tourist Places | Thailand Tour Guide | Thailand Tourism Chiang Mai,https://youtube.com/watch?v=UFv5RuUxIO4,stage_2_chunk,not_started,,,,0,,2025-11-03T18:23:54.273385Z,stage_2_chunk_pending
youtube_UFv5RuUxIO4,youtube,Chiang Mai Thailand | Thailand Tourist Places | Thailand Tour Guide | Thailand Tourism Chiang Mai,https://youtube.com/watch?v=UFv5RuUxIO4,stage_3_extract,not_started,,,,0,,2025-11-03T18:23:54.273385Z,stage_2_chunk_pending
youtube_UFv5RuUxIO4,youtube,Chiang Mai Thailand | Thailand Tourist Places | Thailand Tour Guide | Thailand Tourism Chiang Mai,https://youtube.com/watch?v=UFv5RuUxIO4,stage_4_normalize,not_started,,,,0,,2025-11-03T18:23:54.273385Z,stage_2_chunk_pending
youtube_UFv5RuUxIO4,youtube,Chiang Mai Thailand | Thailand Tourist Places | Thailand Tour Guide | Thailand Tourism Chiang Mai,https://youtube.com/watch?v=UFv5RuUxIO4,stage_5_embed,not_started,,,,0,,2025-11-03T18:23:54.273385Z,stage_2_chunk_pending
youtube_83sx93oXnwM,youtube,5 Days in Chiang Mai Thailand 2025 - What to do in Chiang Mai Thailand,https://youtube.com/watch?v=83sx93oXnwM,stage_1_crawl,complete,2025-11-03T18:24:01.234439Z,2025-11-03T18:24:02.936893Z,1.702454,0,,2025-11-03T18:23:59.489476Z,stage_2_chunk_pending
youtube_83sx93oXnwM,youtube,5 Days in Chiang Mai Thailand 2025 - What to do in Chiang Mai Thailand,https://youtube.com/watch?v=83sx93oXnwM,stage_2_chunk,not_started,,,,0,,2025-11-03T18:23:59.489476Z,stage_2_chunk_pending
youtube_83sx93oXnwM,youtube,5 Days in Chiang Mai Thailand 2025 - What to do in Chiang Mai Thailand,https://youtube.com/watch?v=83sx93oXnwM,stage_3_extract,not_started,,,,0,,2025-11-03T18:23:59.489476Z,stage_2_chunk_pending
youtube_83sx93oXnwM,youtube,5 Days in Chiang Mai Thailand 2025 - What to do in Chiang Mai Thailand,https://youtube.com/watch?v=83sx93oXnwM,stage_4_normalize,not_started,,,,0,,2025-11-03T18:23:59.489476Z,stage_2_chunk_pending
youtube_83sx93oXnwM,youtube,5 Days in Chiang Mai Thailand 2025 - What to do in Chiang Mai Thailand,https://youtube.com/watch?v=83sx93oXnwM,stage_5_embed,not_started,,,,0,,2025-11-03T18:23:59.489476Z,stage_2_chunk_pending
youtube_WhKSf70h3BE,youtube,The BEST 10 Things to do in Chiang Mai 🇹🇭- Handpicked by Locals #Thailand #ChiangMai #Travelguide,https://youtube.com/watch?v=WhKSf70h3BE,stage_1_crawl,complete,2025-11-03T18:24:06.116254Z,2025-11-03T18:24:07.844583Z,1.728329,0,,2025-11-03T18:24:04.515005Z,stage_2_chunk_pending
youtube_WhKSf70h3BE,youtube,The BEST 10 Things to do in Chiang Mai 🇹🇭- Handpicked by Locals #Thailand #ChiangMai #Travelguide,https://youtube.com/watch?v=WhKSf70h3BE,stage_2_chunk,not_started,,,,0,,2025-11-03T18:24:04.515005Z,stage_2_chunk_pending
youtube_WhKSf70h3BE,youtube,The BEST 10 Things to do in Chiang Mai 🇹🇭- Handpicked by Locals #Thailand #ChiangMai #Travelguide,https://youtube.com/watch?v=WhKSf70h3BE,stage_3_extract,not_started,,,,0,,2025-11-03T18:24:04.515005Z,stage_2_chunk_pending
youtube_WhKSf70h3BE,youtube,The BEST 10 Things to do in Chiang Mai 🇹🇭- Handpicked by Locals #Thailand #ChiangMai #Travelguide,https://youtube.com/watch?v=WhKSf70h3BE,stage_4_normalize,not_started,,,,0,,2025-11-03T18:24:04.515005Z,stage_2_chunk_pending
youtube_WhKSf70h3BE,youtube,The BEST 10 Things to do in Chiang Mai 🇹🇭- Handpicked by Locals #Thailand #ChiangMai #Travelguide,https://youtube.com/watch?v=WhKSf70h3BE,stage_5_embed,not_started,,,,0,,2025-11-03T18:24:04.515005Z,stage_2_chunk_pending
youtube_h9lt0OS_sa8,youtube,Pattaya Tourist Places | Pattaya Tour Budget | Pattaya Travel Guide | Pattaya Thailand Pattaya Tour,https://youtube.com/watch?v=h9lt0OS_sa8,stage_1_crawl,complete,2025-11-03T18:24:11.363660Z,2025-11-03T18:24:13.059376Z,1.695716,0,,2025-11-03T18:24:09.737000Z,stage_2_chunk_pending
youtube_h9lt0OS_sa8,youtube,Pattaya Tourist Places | Pattaya Tour Budget | Pattaya Travel Guide | Pattaya Thailand Pattaya Tour,https://youtube.com/watch?v=h9lt0OS_sa8,stage_2_chunk,not_started,,,,0,,2025-11-03T18:24:09.737000Z,stage_2_chunk_pending
youtube_h9lt0OS_sa8,youtube,Pattaya Tourist Places | Pattaya Tour Budget | Pattaya Travel Guide | Pattaya Thailand Pattaya Tour,https://youtube.com/watch?v=h9lt0OS_sa8,stage_3_extract,not_started,,,,0,,2025-11-03T18:24:09.737000Z,stage_2_chunk_pending
youtube_h9lt0OS_sa8,youtube,Pattaya Tourist Places | Pattaya Tour Budget | Pattaya Travel Guide | Pattaya Thailand Pattaya Tour,https://youtube.com/watch?v=h9lt0OS_sa8,stage_4_normalize,not_started,,,,0,,2025-11-03T18:24:09.737000Z,stage_2_chunk_pending
youtube_h9lt0OS_sa8,youtube,Pattaya Tourist Places | Pattaya Tour Budget | Pattaya Travel Guide | Pattaya Thailand Pattaya Tour,https://youtube.com/watch?v=h9lt0OS_sa8,stage_5_embed,not_started,,,,0,,2025-11-03T18:24:09.737000Z,stage_2_chunk_pending
youtube_t7TQoer1srM,youtube,How to Spend 5 Days in PATTAYA Thailand,https://youtube.com/watch?v=t7TQoer1srM,stage_1_crawl,complete,2025-11-03T18:24:16.768058Z,2025-11-03T18:24:18.493377Z,1.725319,0,,2025-11-03T18:24:14.915770Z,stage_2_chunk_pending
youtube_t7TQoer1srM,youtube,How to Spend 5 Days in PATTAYA Thailand,https://youtube.com/watch?v=t7TQoer1srM,stage_2_chunk,not_started,,,,0,,2025-11-03T18:24:14.915770Z,stage_2_chunk_pending
youtube_t7TQoer1srM,youtube,How to Spend 5 Days in PATTAYA Thailand,https://youtube.com/watch?v=t7TQoer1srM,stage_3_extract,not_started,,,,0,,2025-11-03T18:24:14.915770Z,stage_2_chunk_pending
youtube_t7TQoer1srM,youtube,How to Spend 5 Days in PATTAYA Thailand,https://youtube.com/watch?v=t7TQoer1srM,stage_4_normalize,not_started,,,,0,,2025-11-03T18:24:14.915770Z,stage_2_chunk_pending
youtube_t7TQoer1srM,youtube,How to Spend 5 Days in PATTAYA Thailand,https://youtube.com/watch?v=t7TQoer1srM,stage_5_embed,not_started,,,,0,,2025-11-03T18:24:14.915770Z,stage_2_chunk_pending
youtube_BoI6bkqE_d0,youtube,EXPLORING PATTAYA CITY'S WALKING STREET  IN THE NIGHT,https://youtube.com/watch?v=BoI6bkqE_d0,stage_1_crawl,complete,2025-11-03T18:24:22.007905Z,2025-11-03T18:24:23.766333Z,1.758428,0,,2025-11-03T18:24:20.173958Z,stage_2_chunk_pending
youtube_BoI6bkqE_d0,youtube,EXPLORING PATTAYA CITY'S WALKING STREET  IN THE NIGHT,https://youtube.com/watch?v=BoI6bkqE_d0,stage_2_chunk,not_started,,,,0,,2025-11-03T18:24:20.173958Z,stage_2_chunk_pending
youtube_BoI6bkqE_d0,youtube,EXPLORING PATTAYA CITY'S WALKING STREET  IN THE NIGHT,https://youtube.com/watch?v=BoI6bkqE_d0,stage_3_extract,not_started,,,,0,,2025-11-03T18:24:20.173958Z,stage_2_chunk_pending
youtube_BoI6bkqE_d0,youtube,EXPLORING PATTAYA CITY'S WALKING STREET  IN THE NIGHT,https://youtube.com/watch?v=BoI6bkqE_d0,stage_4_normalize,not_started,,,,0,,2025-11-03T18:24:20.173958Z,stage_2_chunk_pending
youtube_BoI6bkqE_d0,youtube,EXPLORING PATTAYA CITY'S WALKING STREET  IN THE NIGHT,https://youtube.com/watch?v=BoI6bkqE_d0,stage_5_embed,not_started,,,,0,,2025-11-03T18:24:20.173958Z,stage_2_chunk_pending
youtube_zgkVp79obCw,youtube,"25 Best Things to Do in Pattaya, Thailand 🇹🇭 | Travel Video | SKY Travel | Travel Guide",https://youtube.com/watch?v=zgkVp79obCw,stage_1_crawl,complete,2025-11-03T18:24:27.199708Z,2025-11-03T18:24:28.834191Z,1.634483,0,,2025-11-03T18:24:25.506503Z,stage_2_chunk_pending
youtube_zgkVp79obCw,youtube,"25 Best Things to Do in Pattaya, Thailand 🇹🇭 | Travel Video | SKY Travel | Travel Guide",https://youtube.com/watch?v=zgkVp79obCw,stage_2_chunk,not_started,,,,0,,2025-11-03T18:24:25.506503Z,stage_2_chunk_pending
youtube_zgkVp79obCw,youtube,"25 Best Things to Do in Pattaya, Thailand 🇹🇭 | Travel Video | SKY Travel | Travel Guide",https://youtube.com/watch?v=zgkVp79obCw,stage_3_extract,not_started,,,,0,,2025-11-03T18:24:25.506503Z,stage_2_chunk_pending
youtube_zgkVp79obCw,youtube,"25 Best Things to Do in Pattaya, Thailand 🇹🇭 | Travel Video | SKY Travel | Travel Guide",https://youtube.com/watch?v=zgkVp79obCw,stage_4_normalize,not_started,,,,0,,2025-11-03T18:24:25.506503Z,stage_2_chunk_pending
youtube_zgkVp79obCw,youtube,"25 Best Things to Do in Pattaya, Thailand 🇹🇭 | Travel Video | SKY Travel | Travel Guide",https://youtube.com/watch?v=zgkVp79obCw,stage_5_embed,not_started,,,,0,,2025-11-03T18:24:25.506503Z,stage_2_chunk_pending
youtube_PuWUevRVF_Q,youtube,4K HDR // Walking Maya Bay in Krabi | BEST Beach in the World | Thailand 2023 - With Captions,https://youtube.com/watch?v=PuWUevRVF_Q,stage_1_crawl,complete,2025-11-03T18:24:32.363932Z,2025-11-03T18:24:33.947341Z,1.583409,0,,2025-11-03T18:24:30.437003Z,stage_2_chunk_pending
youtube_PuWUevRVF_Q,youtube,4K HDR // Walking Maya Bay in Krabi | BEST Beach in the World | Thailand 2023 - With Captions,https://youtube.com/watch?v=PuWUevRVF_Q,stage_2_chunk,not_started,,,,0,,2025-11-03T18:24:30.437003Z,stage_2_chunk_pending
youtube_PuWUevRVF_Q,youtube,4K HDR // Walking Maya Bay in Krabi | BEST Beach in the World | Thailand 2023 - With Captions,https://youtube.com/watch?v=PuWUevRVF_Q,stage_3_extract,not_started,,,,0,,2025-11-03T18:24:30.437003Z,stage_2_chunk_pending
youtube_PuWUevRVF_Q,youtube,4K HDR // Walking Maya Bay in Krabi | BEST Beach in the World | Thailand 2023 - With Captions,https://youtube.com/watch?v=PuWUevRVF_Q,stage_4_normalize,not_started,,,,0,,2025-11-03T18:24:30.437003Z,stage_2_chunk_pending
youtube_PuWUevRVF_Q,youtube,4K HDR // Walking Maya Bay in Krabi | BEST Beach in the World | Thailand 2023 - With Captions,https://youtube.com/watch?v=PuWUevRVF_Q,stage_5_embed,not_started,,,,0,,2025-11-03T18:24:30.437003Z,stage_2_chunk_pending
youtube_Pz3h-uEqlq0,youtube,FULL TOUR HUA HIN - Thailand 🏖️100% BETTER THAN PATTAYA! 🗺️ Near Bangkok,https://youtube.com/watch?v=Pz3h-uEqlq0,stage_1_crawl,complete,2025-11-03T18:24:41.173876Z,2025-11-03T18:24:42.915021Z,1.741145,0,,2025-11-03T18:24:39.236234Z,stage_2_chunk_pending
youtube_Pz3h-uEqlq0,youtube,FULL TOUR HUA HIN - Thailand 🏖️100% BETTER THAN PATTAYA! 🗺️ Near Bangkok,https://youtube.com/watch?v=Pz3h-uEqlq0,stage_2_chunk,not_started,,,,0,,2025-11-03T18:24:39.236234Z,stage_2_chunk_pending
youtube_Pz3h-uEqlq0,youtube,FULL TOUR HUA HIN - Thailand 🏖️100% BETTER THAN PATTAYA! 🗺️ Near Bangkok,https://youtube.com/watch?v=Pz3h-uEqlq0,stage_3_extract,not_started,,,,0,,2025-11-03T18:24:39.236234Z,stage_2_chunk_pending
youtube_Pz3h-uEqlq0,youtube,FULL TOUR HUA HIN - Thailand 🏖️100% BETTER THAN PATTAYA! 🗺️ Near Bangkok,https://youtube.com/watch?v=Pz3h-uEqlq0,stage_4_normalize,not_started,,,,0,,2025-11-03T18:24:39.236234Z,stage_2_chunk_pending
youtube_Pz3h-uEqlq0,youtube,FULL TOUR HUA HIN - Thailand 🏖️100% BETTER THAN PATTAYA! 🗺️ Near Bangkok,https://youtube.com/watch?v=Pz3h-uEqlq0,stage_5_embed,not_started,,,,0,,2025-11-03T18:24:39.236234Z,stage_2_chunk_pending
youtube_dloUkoGxqXc,youtube,Pattaya vs Hua Hin – Which Is Better for Expats and Tourists in Thailand? Honest Comparison,https://youtube.com/watch?v=dloUkoGxqXc,stage_1_crawl,complete,2025-11-03T18:24:46.237995Z,2025-11-03T18:24:47.828449Z,1.590454,0,,2025-11-03T18:24:44.679589Z,stage_2_chunk_pending
youtube_dloUkoGxqXc,youtube,Pattaya vs Hua Hin – Which Is Better for Expats and Tourists in Thailand? Honest Comparison,https://youtube.com/watch?v=dloUkoGxqXc,stage_2_chunk,not_started,,,,0,,2025-11-03T18:24:44.679589Z,stage_2_chunk_pending
youtube_dloUkoGxqXc,youtube,Pattaya vs Hua Hin – Which Is Better for Expats and Tourists in Thailand? Honest Comparison,https://youtube.com/watch?v=dloUkoGxqXc,stage_3_extract,not_started,,,,0,,2025-11-03T18:24:44.679589Z,stage_2_chunk_pending
youtube_dloUkoGxqXc,youtube,Pattaya vs Hua Hin – Which Is Better for Expats and Tourists in Thailand? Honest Comparison,https://youtube.com/watch?v=dloUkoGxqXc,stage_4_normalize,not_started,,,,0,,2025-11-03T18:24:44.679589Z,stage_2_chunk_pending
youtube_dloUkoGxqXc,youtube,Pattaya vs Hua Hin – Which Is Better for Expats and Tourists in Thailand? Honest Comparison,https://youtube.com/watch?v=dloUkoGxqXc,stage_5_embed,not_started,,,,0,,2025-11-03T18:24:44.679589Z,stage_2_chunk_pending
youtube_OuhJwezIdlQ,youtube,Pattaya Vs Hua Hin. Where to Live. Pro's and Cons 2024,https://youtube.com/watch?v=OuhJwezIdlQ,stage_1_crawl,complete,2025-11-03T18:24:51.239870Z,2025-11-03T18:24:52.823849Z,1.583979,0,,2025-11-03T18:24:49.475092Z,stage_2_chunk_pending
youtube_OuhJwezIdlQ,youtube,Pattaya Vs Hua Hin. Where to Live. Pro's and Cons 2024,https://youtube.com/watch?v=OuhJwezIdlQ,stage_2_chunk,not_started,,,,0,,2025-11-03T18:24:49.475092Z,stage_2_chunk_pending
youtube_OuhJwezIdlQ,youtube,Pattaya Vs Hua Hin. Where to Live. Pro's and Cons 2024,https://youtube.com/watch?v=OuhJwezIdlQ,stage_3_extract,not_started,,,,0,,2025-11-03T18:24:49.475092Z,stage_2_chunk_pending
youtube_OuhJwezIdlQ,youtube,Pattaya Vs Hua Hin. Where to Live. Pro's and Cons 2024,https://youtube.com/watch?v=OuhJwezIdlQ,stage_4_normalize,not_started,,,,0,,2025-11-03T18:24:49.475092Z,stage_2_chunk_pending
youtube_OuhJwezIdlQ,youtube,Pattaya Vs Hua Hin. Where to Live. Pro's and Cons 2024,https://youtube.com/watch?v=OuhJwezIdlQ,stage_5_embed,not_started,,,,0,,2025-11-03T18:24:49.475092Z,stage_2_chunk_pending
youtube_-3cCpu5fPzg,youtube,Hua Hin Thailand Travel Guide: 12 BEST Things To Do In Hua Hin,https://youtube.com/watch?v=-3cCpu5fPzg,stage_1_crawl,complete,2025-11-03T18:24:56.430310Z,2025-11-03T18:24:58.168285Z,1.737975,0,,2025-11-03T18:24:54.552259Z,stage_2_chunk_pending
youtube_-3cCpu5fPzg,youtube,Hua Hin Thailand Travel Guide: 12 BEST Things To Do In Hua Hin,https://youtube.com/watch?v=-3cCpu5fPzg,stage_2_chunk,not_started,,,,0,,2025-11-03T18:24:54.552259Z,stage_2_chunk_pending
youtube_-3cCpu5fPzg,youtube,Hua Hin Thailand Travel Guide: 12 BEST Things To Do In Hua Hin,https://youtube.com/watch?v=-3cCpu5fPzg,stage_3_extract,not_started,,,,0,,2025-11-03T18:24:54.552259Z,stage_2_chunk_pending
youtube_-3cCpu5fPzg,youtube,Hua Hin Thailand Travel Guide: 12 BEST Things To Do In Hua Hin,https://youtube.com/watch?v=-3cCpu5fPzg,stage_4_normalize,not_started,,,,0,,2025-11-03T18:24:54.552259Z,stage_2_chunk_pending
youtube_-3cCpu5fPzg,youtube,Hua Hin Thailand Travel Guide: 12 BEST Things To Do In Hua Hin,https://youtube.com/watch?v=-3cCpu5fPzg,stage_5_embed,not_started,,,,0,,2025-11-03T18:24:54.552259Z,stage_2_chunk_pending
youtube_bS6znzh3CxQ,youtube,The ULTIMATE Chiang Rai Itinerary!,https://youtube.com/watch?v=bS6znzh3CxQ,stage_1_crawl,complete,2025-11-03T18:25:01.635956Z,2025-11-03T18:25:03.507954Z,1.871998,0,,2025-11-03T18:24:59.901570Z,stage_2_chunk_pending
youtube_bS6znzh3CxQ,youtube,The ULTIMATE Chiang Rai Itinerary!,https://youtube.com/watch?v=bS6znzh3CxQ,stage_2_chunk,not_started,,,,0,,2025-11-03T18:24:59.901570Z,stage_2_chunk_pending
youtube_bS6znzh3CxQ,youtube,The ULTIMATE Chiang Rai Itinerary!,https://youtube.com/watch?v=bS6znzh3CxQ,stage_3_extract,not_started,,,,0,,2025-11-03T18:24:59.901570Z,stage_2_chunk_pending
youtube_bS6znzh3CxQ,youtube,The ULTIMATE Chiang Rai Itinerary!,https://youtube.com/watch?v=bS6znzh3CxQ,stage_4_normalize,not_started,,,,0,,2025-11-03T18:24:59.901570Z,stage_2_chunk_pending
youtube_bS6znzh3CxQ,youtube,The ULTIMATE Chiang Rai Itinerary!,https://youtube.com/watch?v=bS6znzh3CxQ,stage_5_embed,not_started,,,,0,,2025-11-03T18:24:59.901570Z,stage_2_chunk_pending
youtube_IlNxEvs3kD4,youtube,"CHIANG RAI, THAILAND | 12 INCREDIBLE Things To Do In & Around Chiang Rai",https://youtube.com/watch?v=IlNxEvs3kD4,stage_1_crawl,complete,2025-11-03T18:25:08.674762Z,2025-11-03T18:25:11.402142Z,2.72738,0,,2025-11-03T18:25:05.365903Z,stage_2_chunk_pending
youtube_IlNxEvs3kD4,youtube,"CHIANG RAI, THAILAND | 12 INCREDIBLE Things To Do In & Around Chiang Rai",https://youtube.com/watch?v=IlNxEvs3kD4,stage_2_chunk,not_started,,,,0,,2025-11-03T18:25:05.365903Z,stage_2_chunk_pending
youtube_IlNxEvs3kD4,youtube,"CHIANG RAI, THAILAND | 12 INCREDIBLE Things To Do In & Around Chiang Rai",https://youtube.com/watch?v=IlNxEvs3kD4,stage_3_extract,not_started,,,,0,,2025-11-03T18:25:05.365903Z,stage_2_chunk_pending
youtube_IlNxEvs3kD4,youtube,"CHIANG RAI, THAILAND | 12 INCREDIBLE Things To Do In & Around Chiang Rai",https://youtube.com/watch?v=IlNxEvs3kD4,stage_4_normalize,not_started,,,,0,,2025-11-03T18:25:05.365903Z,stage_2_chunk_pending
youtube_IlNxEvs3kD4,youtube,"CHIANG RAI, THAILAND | 12 INCREDIBLE Things To Do In & Around Chiang Rai",https://youtube.com/watch?v=IlNxEvs3kD4,stage_5_embed,not_started,,,,0,,2025-11-03T18:25:05.365903Z,stage_2_chunk_pending
youtube_thCPQbpijzE,youtube,2 Days in Chiang Rai Thailand 2025 - A Travel Guide for First-Time Visitors,https://youtube.com/watch?v=thCPQbpijzE,stage_1_crawl,complete,2025-11-03T18:25:14.657099Z,2025-11-03T18:25:16.295664Z,1.638565,0,,2025-11-03T18:25:12.984791Z,stage_2_chunk_pending
youtube_thCPQbpijzE,youtube,2 Days in Chiang Rai Thailand 2025 - A Travel Guide for First-Time Visitors,https://youtube.com/watch?v=thCPQbpijzE,stage_2_chunk,not_started,,,,0,,2025-11-03T18:25:12.984791Z,stage_2_chunk_pending
youtube_thCPQbpijzE,youtube,2 Days in Chiang Rai Thailand 2025 - A Travel Guide for First-Time Visitors,https://youtube.com/watch?v=thCPQbpijzE,stage_3_extract,not_started,,,,0,,2025-11-03T18:25:12.984791Z,stage_2_chunk_pending
youtube_thCPQbpijzE,youtube,2 Days in Chiang Rai Thailand 2025 - A Travel Guide for First-Time Visitors,https://youtube.com/watch?v=thCPQbpijzE,stage_4_normalize,not_started,,,,0,,2025-11-03T18:25:12.984791Z,stage_2_chunk_pending
youtube_thCPQbpijzE,youtube,2 Days in Chiang Rai Thailand 2025 - A Travel Guide for First-Time Visitors,https://youtube.com/watch?v=thCPQbpijzE,stage_5_embed,not_started,,,,0,,2025-11-03T18:25:12.984791Z,stage_2_chunk_pending
youtube_IEeQoY1ht_Y,youtube,20 EPIC Things to do in Chiang Mai & Chiang Rai (2023) | Thailand Travel Guide,https://youtube.com/watch?v=IEeQoY1ht_Y,stage_1_crawl,complete,2025-11-03T18:25:19.876049Z,2025-11-03T18:25:21.615851Z,1.739802,0,,2025-11-03T18:25:18.054228Z,stage_2_chunk_pending
youtube_IEeQoY1ht_Y,youtube,20 EPIC Things to do in Chiang Mai & Chiang Rai (2023) | Thailand Travel Guide,https://youtube.com/watch?v=IEeQoY1ht_Y,stage_2_chunk,not_started,,,,0,,2025-11-03T18:25:18.054228Z,stage_2_chunk_pending
youtube_IEeQoY1ht_Y,youtube,20 EPIC Things to do in Chiang Mai & Chiang Rai (2023) | Thailand Travel Guide,https://youtube.com/watch?v=IEeQoY1ht_Y,stage_3_extract,not_started,,,,0,,2025-11-03T18:25:18.054228Z,stage_2_chunk_pending
youtube_IEeQoY1ht_Y,youtube,20 EPIC Things to do in Chiang Mai & Chiang Rai (2023) | Thailand Travel Guide,https://youtube.com/watch?v=IEeQoY1ht_Y,stage_4_normalize,not_started,,,,0,,2025-11-03T18:25:18.054228Z,stage_2_chunk_pending
youtube_IEeQoY1ht_Y,youtube,20 EPIC Things to do in Chiang Mai & Chiang Rai (2023) | Thailand Travel Guide,https://youtube.com/watch?v=IEeQoY1ht_Y,stage_5_embed,not_started,,,,0,,2025-11-03T18:25:18.054228Z,stage_2_chunk_pending
youtube_-zHxjhd45nA,youtube,Exploring Ayutthaya - The BEST DAY Trip from Bangkok 🇹🇭 Don’t Miss These Temples!,https://youtube.com/watch?v=-zHxjhd45nA,stage_1_crawl,complete,2025-11-03T18:25:25.052842Z,2025-11-03T18:25:26.664623Z,1.611781,0,,2025-11-03T18:25:23.515594Z,stage_2_chunk_pending
youtube_-zHxjhd45nA,youtube,Exploring Ayutthaya - The BEST DAY Trip from Bangkok 🇹🇭 Don’t Miss These Temples!,https://youtube.com/watch?v=-zHxjhd45nA,stage_2_chunk,not_started,,,,0,,2025-11-03T18:25:23.515594Z,stage_2_chunk_pending
youtube_-zHxjhd45nA,youtube,Exploring Ayutthaya - The BEST DAY Trip from Bangkok 🇹🇭 Don’t Miss These Temples!,https://youtube.com/watch?v=-zHxjhd45nA,stage_3_extract,not_started,,,,0,,2025-11-03T18:25:23.515594Z,stage_2_chunk_pending
youtube_-zHxjhd45nA,youtube,Exploring Ayutthaya - The BEST DAY Trip from Bangkok 🇹🇭 Don’t Miss These Temples!,https://youtube.com/watch?v=-zHxjhd45nA,stage_4_normalize,not_started,,,,0,,2025-11-03T18:25:23.515594Z,stage_2_chunk_pending
youtube_-zHxjhd45nA,youtube,Exploring Ayutthaya - The BEST DAY Trip from Bangkok 🇹🇭 Don’t Miss These Temples!,https://youtube.com/watch?v=-zHxjhd45nA,stage_5_embed,not_started,,,,0,,2025-11-03T18:25:23.515594Z,stage_2_chunk_pending
youtube_BhfLsdys-5U,youtube,"AYUTTHAYA, Thailand - Day Trip Guide from Bangkok",https://youtube.com/watch?v=BhfLsdys-5U,stage_1_crawl,complete,2025-11-03T18:25:30.200895Z,2025-11-03T18:25:31.807178Z,1.606283,0,,2025-11-03T18:25:28.374140Z,stage_2_chunk_pending
youtube_BhfLsdys-5U,youtube,"AYUTTHAYA, Thailand - Day Trip Guide from Bangkok",https://youtube.com/watch?v=BhfLsdys-5U,stage_2_chunk,not_started,,,,0,,2025-11-03T18:25:28.374140Z,stage_2_chunk_pending
youtube_BhfLsdys-5U,youtube,"AYUTTHAYA, Thailand - Day Trip Guide from Bangkok",https://youtube.com/watch?v=BhfLsdys-5U,stage_3_extract,not_started,,,,0,,2025-11-03T18:25:28.374140Z,stage_2_chunk_pending
youtube_BhfLsdys-5U,youtube,"AYUTTHAYA, Thailand - Day Trip Guide from Bangkok",https://youtube.com/watch?v=BhfLsdys-5U,stage_4_normalize,not_started,,,,0,,2025-11-03T18:25:28.374140Z,stage_2_chunk_pending
youtube_BhfLsdys-5U,youtube,"AYUTTHAYA, Thailand - Day Trip Guide from Bangkok",https://youtube.com/watch?v=BhfLsdys-5U,stage_5_embed,not_started,,,,0,,2025-11-03T18:25:28.374140Z,stage_2_chunk_pending
youtube_N9CmKqROKw4,youtube,Ayutthaya on a $30 Budget?! Unbelievable Day Trip from Bangkok!,https://youtube.com/watch?v=N9CmKqROKw4,stage_1_crawl,complete,2025-11-03T18:25:34.992399Z,2025-11-03T18:25:36.602251Z,1.609852,0,,2025-11-03T18:25:33.357550Z,stage_2_chunk_pending
youtube_N9CmKqROKw4,youtube,Ayutthaya on a $30 Budget?! Unbelievable Day Trip from Bangkok!,https://youtube.com/watch?v=N9CmKqROKw4,stage_2_chunk,not_started,,,,0,,2025-11-03T18:25:33.357550Z,stage_2_chunk_pending
youtube_N9CmKqROKw4,youtube,Ayutthaya on a $30 Budget?! Unbelievable Day Trip from Bangkok!,https://youtube.com/watch?v=N9CmKqROKw4,stage_3_extract,not_started,,,,0,,2025-11-03T18:25:33.357550Z,stage_2_chunk_pending
youtube_N9CmKqROKw4,youtube,Ayutthaya on a $30 Budget?! Unbelievable Day Trip from Bangkok!,https://youtube.com/watch?v=N9CmKqROKw4,stage_4_normalize,not_started,,,,0,,2025-11-03T18:25:33.357550Z,stage_2_chunk_pending
youtube_N9CmKqROKw4,youtube,Ayutthaya on a $30 Budget?! Unbelievable Day Trip from Bangkok!,https://youtube.com/watch?v=N9CmKqROKw4,stage_5_embed,not_started,,,,0,,2025-11-03T18:25:33.357550Z,stage_2_chunk_pending
youtube_XVO0EEIr2YA,youtube,HOW TO EXPLORE SUKHOTHAI HISTORICAL PARK | THAILAND,https://youtube.com/watch?v=XVO0EEIr2YA,stage_1_crawl,complete,2025-11-03T18:25:40.067849Z,2025-11-03T18:25:41.901372Z,1.833523,0,,2025-11-03T18:25:38.275292Z,stage_2_chunk_pending
youtube_XVO0EEIr2YA,youtube,HOW TO EXPLORE SUKHOTHAI HISTORICAL PARK | THAILAND,https://youtube.com/watch?v=XVO0EEIr2YA,stage_2_chunk,not_started,,,,0,,2025-11-03T18:25:38.275292Z,stage_2_chunk_pending
youtube_XVO0EEIr2YA,youtube,HOW TO EXPLORE SUKHOTHAI HISTORICAL PARK | THAILAND,https://youtube.com/watch?v=XVO0EEIr2YA,stage_3_extract,not_started,,,,0,,2025-11-03T18:25:38.275292Z,stage_2_chunk_pending
youtube_XVO0EEIr2YA,youtube,HOW TO EXPLORE SUKHOTHAI HISTORICAL PARK | THAILAND,https://youtube.com/watch?v=XVO0EEIr2YA,stage_4_normalize,not_started,,,,0,,2025-11-03T18:25:38.275292Z,stage_2_chunk_pending
youtube_XVO0EEIr2YA,youtube,HOW TO EXPLORE SUKHOTHAI HISTORICAL PARK | THAILAND,https://youtube.com/watch?v=XVO0EEIr2YA,stage_5_embed,not_started,,,,0,,2025-11-03T18:25:38.275292Z,stage_2_chunk_pending
youtube_7iviLTpF8TU,youtube,THAILAND'S Best Kept Secret: SUKHOTHAI is a MUST VISIT!,https://youtube.com/watch?v=7iviLTpF8TU,stage_1_crawl,complete,2025-11-03T18:25:45.472078Z,2025-11-03T18:25:47.421858Z,1.94978,0,,2025-11-03T18:25:43.557214Z,stage_2_chunk_pending
youtube_7iviLTpF8TU,youtube,THAILAND'S Best Kept Secret: SUKHOTHAI is a MUST VISIT!,https://youtube.com/watch?v=7iviLTpF8TU,stage_2_chunk,not_started,,,,0,,2025-11-03T18:25:43.557214Z,stage_2_chunk_pending
youtube_7iviLTpF8TU,youtube,THAILAND'S Best Kept Secret: SUKHOTHAI is a MUST VISIT!,https://youtube.com/watch?v=7iviLTpF8TU,stage_3_extract,not_started,,,,0,,2025-11-03T18:25:43.557214Z,stage_2_chunk_pending
youtube_7iviLTpF8TU,youtube,THAILAND'S Best Kept Secret: SUKHOTHAI is a MUST VISIT!,https://youtube.com/watch?v=7iviLTpF8TU,stage_4_normalize,not_started,,,,0,,2025-11-03T18:25:43.557214Z,stage_2_chunk_pending
youtube_7iviLTpF8TU,youtube,THAILAND'S Best Kept Secret: SUKHOTHAI is a MUST VISIT!,https://youtube.com/watch?v=7iviLTpF8TU,stage_5_embed,not_started,,,,0,,2025-11-03T18:25:43.557214Z,stage_2_chunk_pending
youtube_Oh3PFsNqr78,youtube,Thai Street Food in ANCIENT SUKHOTHAI - Legendary Noodles + Spicy Fish in Thailand! 🇹🇭,https://youtube.com/watch?v=Oh3PFsNqr78,stage_1_crawl,complete,2025-11-03T18:25:51.023802Z,2025-11-03T18:25:52.643274Z,1.619472,0,,2025-11-03T18:25:49.313562Z,stage_2_chunk_pending
youtube_Oh3PFsNqr78,youtube,Thai Street Food in ANCIENT SUKHOTHAI - Legendary Noodles + Spicy Fish in Thailand! 🇹🇭,https://youtube.com/watch?v=Oh3PFsNqr78,stage_2_chunk,not_started,,,,0,,2025-11-03T18:25:49.313562Z,stage_2_chunk_pending
youtube_Oh3PFsNqr78,youtube,Thai Street Food in ANCIENT SUKHOTHAI - Legendary Noodles + Spicy Fish in Thailand! 🇹🇭,https://youtube.com/watch?v=Oh3PFsNqr78,stage_3_extract,not_started,,,,0,,2025-11-03T18:25:49.313562Z,stage_2_chunk_pending
youtube_Oh3PFsNqr78,youtube,Thai Street Food in ANCIENT SUKHOTHAI - Legendary Noodles + Spicy Fish in Thailand! 🇹🇭,https://youtube.com/watch?v=Oh3PFsNqr78,stage_4_normalize,not_started,,,,0,,2025-11-03T18:25:49.313562Z,stage_2_chunk_pending
youtube_Oh3PFsNqr78,youtube,Thai Street Food in ANCIENT SUKHOTHAI - Legendary Noodles + Spicy Fish in Thailand! 🇹🇭,https://youtube.com/watch?v=Oh3PFsNqr78,stage_5_embed,not_started,,,,0,,2025-11-03T18:25:49.313562Z,stage_2_chunk_pending
youtube_SjcCsfSsacU,youtube,"KANCHANABURI, THAILAND | 6 Best Things To Do In Kanchanaburi (Ideal for 3-4 day trip!)",https://youtube.com/watch?v=SjcCsfSsacU,stage_1_crawl,complete,2025-11-03T18:25:56.431044Z,2025-11-03T18:25:58.318003Z,1.886959,0,,2025-11-03T18:25:54.493870Z,stage_2_chunk_pending
youtube_SjcCsfSsacU,youtube,"KANCHANABURI, THAILAND | 6 Best Things To Do In Kanchanaburi (Ideal for 3-4 day trip!)",https://youtube.com/watch?v=SjcCsfSsacU,stage_2_chunk,not_started,,,,0,,2025-11-03T18:25:54.493870Z,stage_2_chunk_pending
youtube_SjcCsfSsacU,youtube,"KANCHANABURI, THAILAND | 6 Best Things To Do In Kanchanaburi (Ideal for 3-4 day trip!)",https://youtube.com/watch?v=SjcCsfSsacU,stage_3_extract,not_started,,,,0,,2025-11-03T18:25:54.493870Z,stage_2_chunk_pending
youtube_SjcCsfSsacU,youtube,"KANCHANABURI, THAILAND | 6 Best Things To Do In Kanchanaburi (Ideal for 3-4 day trip!)",https://youtube.com/watch?v=SjcCsfSsacU,stage_4_normalize,not_started,,,,0,,2025-11-03T18:25:54.493870Z,stage_2_chunk_pending
youtube_SjcCsfSsacU,youtube,"KANCHANABURI, THAILAND | 6 Best Things To Do In Kanchanaburi (Ideal for 3-4 day trip!)",https://youtube.com/watch?v=SjcCsfSsacU,stage_5_embed,not_started,,,,0,,2025-11-03T18:25:54.493870Z,stage_2_chunk_pending
youtube_jEfECmFRV_A,youtube,48 Hours in KANCHANABURI - Top Places You MUST Visit! 🇹🇭 Thailand Travel Vlog,https://youtube.com/watch?v=jEfECmFRV_A,stage_1_crawl,complete,2025-11-03T18:30:53.326464Z,2025-11-03T18:30:55.627829Z,2.301365,0,,2025-11-03T18:26:00.078642Z,stage_2_chunk_pending
youtube_jEfECmFRV_A,youtube,48 Hours in KANCHANABURI - Top Places You MUST Visit! 🇹🇭 Thailand Travel Vlog,https://youtube.com/watch?v=jEfECmFRV_A,stage_2_chunk,not_started,,,,0,,2025-11-03T18:26:00.078642Z,stage_2_chunk_pending
youtube_jEfECmFRV_A,youtube,48 Hours in KANCHANABURI - Top Places You MUST Visit! 🇹🇭 Thailand Travel Vlog,https://youtube.com/watch?v=jEfECmFRV_A,stage_3_extract,not_started,,,,0,,2025-11-03T18:26:00.078642Z,stage_2_chunk_pending
youtube_jEfECmFRV_A,youtube,48 Hours in KANCHANABURI - Top Places You MUST Visit! 🇹🇭 Thailand Travel Vlog,https://youtube.com/watch?v=jEfECmFRV_A,stage_4_normalize,not_started,,,,0,,2025-11-03T18:26:00.078642Z,stage_2_chunk_pending
youtube_jEfECmFRV_A,youtube,48 Hours in KANCHANABURI - Top Places You MUST Visit! 🇹🇭 Thailand Travel Vlog,https://youtube.com/watch?v=jEfECmFRV_A,stage_5_embed,not_started,,,,0,,2025-11-03T18:26:00.078642Z,stage_2_chunk_pending
youtube_MZXxiTwGQn4,youtube,How to Travel to Kanchanaburi - 3 BEST Ways!,https://youtube.com/watch?v=MZXxiTwGQn4,stage_1_crawl,complete,2025-11-03T18:26:06.798914Z,2025-11-03T18:26:08.635076Z,1.836162,0,,2025-11-03T18:26:05.038633Z,stage_2_chunk_pending
youtube_MZXxiTwGQn4,youtube,How to Travel to Kanchanaburi - 3 BEST Ways!,https://youtube.com/watch?v=MZXxiTwGQn4,stage_2_chunk,not_started,,,,0,,2025-11-03T18:26:05.038633Z,stage_2_chunk_pending
youtube_MZXxiTwGQn4,youtube,How to Travel to Kanchanaburi - 3 BEST Ways!,https://youtube.com/watch?v=MZXxiTwGQn4,stage_3_extract,not_started,,,,0,,2025-11-03T18:26:05.038633Z,stage_2_chunk_pending
youtube_MZXxiTwGQn4,youtube,How to Travel to Kanchanaburi - 3 BEST Ways!,https://youtube.com/watch?v=MZXxiTwGQn4,stage_4_normalize,not_started,,,,0,,2025-11-03T18:26:05.038633Z,stage_2_chunk_pending
youtube_MZXxiTwGQn4,youtube,How to Travel to Kanchanaburi - 3 BEST Ways!,https://youtube.com/watch?v=MZXxiTwGQn4,stage_5_embed,not_started,,,,0,,2025-11-03T18:26:05.038633Z,stage_2_chunk_pending
youtube_ctTGjoiSRaI,youtube,"Kanchanaburi, Thailand Vlog Day 1 | 2-Day Itinerary | Explore with Ronipe",https://youtube.com/watch?v=ctTGjoiSRaI,stage_1_crawl,complete,2025-11-03T18:26:12.035055Z,2025-11-03T18:26:13.798588Z,1.763533,0,,2025-11-03T18:26:10.280217Z,stage_2_chunk_pending
youtube_ctTGjoiSRaI,youtube,"Kanchanaburi, Thailand Vlog Day 1 | 2-Day Itinerary | Explore with Ronipe",https://youtube.com/watch?v=ctTGjoiSRaI,stage_2_chunk,not_started,,,,0,,2025-11-03T18:26:10.280217Z,stage_2_chunk_pending
youtube_ctTGjoiSRaI,youtube,"Kanchanaburi, Thailand Vlog Day 1 | 2-Day Itinerary | Explore with Ronipe",https://youtube.com/watch?v=ctTGjoiSRaI,stage_3_extract,not_started,,,,0,,2025-11-03T18:26:10.280217Z,stage_2_chunk_pending
youtube_ctTGjoiSRaI,youtube,"Kanchanaburi, Thailand Vlog Day 1 | 2-Day Itinerary | Explore with Ronipe",https://youtube.com/watch?v=ctTGjoiSRaI,stage_4_normalize,not_started,,,,0,,2025-11-03T18:26:10.280217Z,stage_2_chunk_pending
youtube_ctTGjoiSRaI,youtube,"Kanchanaburi, Thailand Vlog Day 1 | 2-Day Itinerary | Explore with Ronipe",https://youtube.com/watch?v=ctTGjoiSRaI,stage_5_embed,not_started,,,,0,,2025-11-03T18:26:10.280217Z,stage_2_chunk_pending
youtube_RKpOMndimH8,youtube,The ONLY Koh Tao Itinerary You Will EVER Need!,https://youtube.com/watch?v=RKpOMndimH8,stage_1_crawl,complete,2025-11-03T18:26:17.531239Z,2025-11-03T18:26:19.270648Z,1.739409,0,,2025-11-03T18:26:15.614357Z,stage_2_chunk_pending
youtube_RKpOMndimH8,youtube,The ONLY Koh Tao Itinerary You Will EVER Need!,https://youtube.com/watch?v=RKpOMndimH8,stage_2_chunk,not_started,,,,0,,2025-11-03T18:26:15.614357Z,stage_2_chunk_pending
youtube_RKpOMndimH8,youtube,The ONLY Koh Tao Itinerary You Will EVER Need!,https://youtube.com/watch?v=RKpOMndimH8,stage_3_extract,not_started,,,,0,,2025-11-03T18:26:15.614357Z,stage_2_chunk_pending
youtube_RKpOMndimH8,youtube,The ONLY Koh Tao Itinerary You Will EVER Need!,https://youtube.com/watch?v=RKpOMndimH8,stage_4_normalize,not_started,,,,0,,2025-11-03T18:26:15.614357Z,stage_2_chunk_pending
youtube_RKpOMndimH8,youtube,The ONLY Koh Tao Itinerary You Will EVER Need!,https://youtube.com/watch?v=RKpOMndimH8,stage_5_embed,not_started,,,,0,,2025-11-03T18:26:15.614357Z,stage_2_chunk_pending
youtube_Q9QVGXchCIE,youtube,"Top Places on Koh Tao, Thailand (detailed travel guide) 🐠🌴😊",https://youtube.com/watch?v=Q9QVGXchCIE,stage_1_crawl,complete,2025-11-03T18:26:23.166350Z,2025-11-03T18:26:24.971094Z,1.804744,0,,2025-11-03T18:26:21.193421Z,stage_2_chunk_pending
youtube_Q9QVGXchCIE,youtube,"Top Places on Koh Tao, Thailand (detailed travel guide) 🐠🌴😊",https://youtube.com/watch?v=Q9QVGXchCIE,stage_2_chunk,not_started,,,,0,,2025-11-03T18:26:21.193421Z,stage_2_chunk_pending
youtube_Q9QVGXchCIE,youtube,"Top Places on Koh Tao, Thailand (detailed travel guide) 🐠🌴😊",https://youtube.com/watch?v=Q9QVGXchCIE,stage_3_extract,not_started,,,,0,,2025-11-03T18:26:21.193421Z,stage_2_chunk_pending
youtube_Q9QVGXchCIE,youtube,"Top Places on Koh Tao, Thailand (detailed travel guide) 🐠🌴😊",https://youtube.com/watch?v=Q9QVGXchCIE,stage_4_normalize,not_started,,,,0,,2025-11-03T18:26:21.193421Z,stage_2_chunk_pending
youtube_Q9QVGXchCIE,youtube,"Top Places on Koh Tao, Thailand (detailed travel guide) 🐠🌴😊",https://youtube.com/watch?v=Q9QVGXchCIE,stage_5_embed,not_started,,,,0,,2025-11-03T18:26:21.193421Z,stage_2_chunk_pending
youtube_S3Ie_zWHsdg,youtube,How to Spend 3 Days in KOH LANTA Thailand | The Perfect Travel Itinerary,https://youtube.com/watch?v=S3Ie_zWHsdg,stage_1_crawl,complete,2025-11-03T18:26:32.041887Z,2025-11-03T18:26:33.757391Z,1.715504,0,,2025-11-03T18:26:30.205669Z,stage_2_chunk_pending
youtube_S3Ie_zWHsdg,youtube,How to Spend 3 Days in KOH LANTA Thailand | The Perfect Travel Itinerary,https://youtube.com/watch?v=S3Ie_zWHsdg,stage_2_chunk,not_started,,,,0,,2025-11-03T18:26:30.205669Z,stage_2_chunk_pending
youtube_S3Ie_zWHsdg,youtube,How to Spend 3 Days in KOH LANTA Thailand | The Perfect Travel Itinerary,https://youtube.com/watch?v=S3Ie_zWHsdg,stage_3_extract,not_started,,,,0,,2025-11-03T18:26:30.205669Z,stage_2_chunk_pending
youtube_S3Ie_zWHsdg,youtube,How to Spend 3 Days in KOH LANTA Thailand | The Perfect Travel Itinerary,https://youtube.com/watch?v=S3Ie_zWHsdg,stage_4_normalize,not_started,,,,0,,2025-11-03T18:26:30.205669Z,stage_2_chunk_pending
youtube_S3Ie_zWHsdg,youtube,How to Spend 3 Days in KOH LANTA Thailand | The Perfect Travel Itinerary,https://youtube.com/watch?v=S3Ie_zWHsdg,stage_5_embed,not_started,,,,0,,2025-11-03T18:26:30.205669Z,stage_2_chunk_pending
youtube_jNzGES3nRRA,youtube,The BEST Things to Do in KOH LANTA 🇹🇭 (PLUS Bonus Tips!),https://youtube.com/watch?v=jNzGES3nRRA,stage_1_crawl,complete,2025-11-03T18:26:39.309473Z,2025-11-03T18:26:41.392477Z,2.083004,0,,2025-11-03T18:26:35.579089Z,stage_2_chunk_pending
youtube_jNzGES3nRRA,youtube,The BEST Things to Do in KOH LANTA 🇹🇭 (PLUS Bonus Tips!),https://youtube.com/watch?v=jNzGES3nRRA,stage_2_chunk,not_started,,,,0,,2025-11-03T18:26:35.579089Z,stage_2_chunk_pending
youtube_jNzGES3nRRA,youtube,The BEST Things to Do in KOH LANTA 🇹🇭 (PLUS Bonus Tips!),https://youtube.com/watch?v=jNzGES3nRRA,stage_3_extract,not_started,,,,0,,2025-11-03T18:26:35.579089Z,stage_2_chunk_pending
youtube_jNzGES3nRRA,youtube,The BEST Things to Do in KOH LANTA 🇹🇭 (PLUS Bonus Tips!),https://youtube.com/watch?v=jNzGES3nRRA,stage_4_normalize,not_started,,,,0,,2025-11-03T18:26:35.579089Z,stage_2_chunk_pending
youtube_jNzGES3nRRA,youtube,The BEST Things to Do in KOH LANTA 🇹🇭 (PLUS Bonus Tips!),https://youtube.com/watch?v=jNzGES3nRRA,stage_5_embed,not_started,,,,0,,2025-11-03T18:26:35.579089Z,stage_2_chunk_pending
youtube_TB3az_zOg-Y,youtube,How to get to Koh Lanta from ANYWHERE in Thailand!,https://youtube.com/watch?v=TB3az_zOg-Y,stage_1_crawl,complete,2025-11-03T18:26:44.740681Z,2025-11-03T18:26:46.436015Z,1.695334,0,,2025-11-03T18:26:43.097487Z,stage_2_chunk_pending
youtube_TB3az_zOg-Y,youtube,How to get to Koh Lanta from ANYWHERE in Thailand!,https://youtube.com/watch?v=TB3az_zOg-Y,stage_2_chunk,not_started,,,,0,,2025-11-03T18:26:43.097487Z,stage_2_chunk_pending
youtube_TB3az_zOg-Y,youtube,How to get to Koh Lanta from ANYWHERE in Thailand!,https://youtube.com/watch?v=TB3az_zOg-Y,stage_3_extract,not_started,,,,0,,2025-11-03T18:26:43.097487Z,stage_2_chunk_pending
youtube_TB3az_zOg-Y,youtube,How to get to Koh Lanta from ANYWHERE in Thailand!,https://youtube.com/watch?v=TB3az_zOg-Y,stage_4_normalize,not_started,,,,0,,2025-11-03T18:26:43.097487Z,stage_2_chunk_pending
youtube_TB3az_zOg-Y,youtube,How to get to Koh Lanta from ANYWHERE in Thailand!,https://youtube.com/watch?v=TB3az_zOg-Y,stage_5_embed,not_started,,,,0,,2025-11-03T18:26:43.097487Z,stage_2_chunk_pending
youtube_G94xL6A-7BM,youtube,"Koh Chang, Kood & Mak - Thailand Travel Guide 4K - Best Things To Do & Places To Visit",https://youtube.com/watch?v=G94xL6A-7BM,stage_1_crawl,complete,2025-11-03T18:26:50.300630Z,2025-11-03T18:26:52.027002Z,1.726372,0,,2025-11-03T18:26:48.459379Z,stage_2_chunk_pending
youtube_G94xL6A-7BM,youtube,"Koh Chang, Kood & Mak - Thailand Travel Guide 4K - Best Things To Do & Places To Visit",https://youtube.com/watch?v=G94xL6A-7BM,stage_2_chunk,not_started,,,,0,,2025-11-03T18:26:48.459379Z,stage_2_chunk_pending
youtube_G94xL6A-7BM,youtube,"Koh Chang, Kood & Mak - Thailand Travel Guide 4K - Best Things To Do & Places To Visit",https://youtube.com/watch?v=G94xL6A-7BM,stage_3_extract,not_started,,,,0,,2025-11-03T18:26:48.459379Z,stage_2_chunk_pending
youtube_G94xL6A-7BM,youtube,"Koh Chang, Kood & Mak - Thailand Travel Guide 4K - Best Things To Do & Places To Visit",https://youtube.com/watch?v=G94xL6A-7BM,stage_4_normalize,not_started,,,,0,,2025-11-03T18:26:48.459379Z,stage_2_chunk_pending
youtube_G94xL6A-7BM,youtube,"Koh Chang, Kood & Mak - Thailand Travel Guide 4K - Best Things To Do & Places To Visit",https://youtube.com/watch?v=G94xL6A-7BM,stage_5_embed,not_started,,,,0,,2025-11-03T18:26:48.459379Z,stage_2_chunk_pending
youtube_9OwbphjVQSg,youtube,BLOWN AWAY by KOH CHANG 🏝️ FULL TOUR of the ISLAND,https://youtube.com/watch?v=9OwbphjVQSg,stage_1_crawl,complete,2025-11-03T18:26:55.736673Z,2025-11-03T18:26:57.574118Z,1.837445,0,,2025-11-03T18:26:53.953077Z,stage_2_chunk_pending
youtube_9OwbphjVQSg,youtube,BLOWN AWAY by KOH CHANG 🏝️ FULL TOUR of the ISLAND,https://youtube.com/watch?v=9OwbphjVQSg,stage_2_chunk,not_started,,,,0,,2025-11-03T18:26:53.953077Z,stage_2_chunk_pending
youtube_9OwbphjVQSg,youtube,BLOWN AWAY by KOH CHANG 🏝️ FULL TOUR of the ISLAND,https://youtube.com/watch?v=9OwbphjVQSg,stage_3_extract,not_started,,,,0,,2025-11-03T18:26:53.953077Z,stage_2_chunk_pending
youtube_9OwbphjVQSg,youtube,BLOWN AWAY by KOH CHANG 🏝️ FULL TOUR of the ISLAND,https://youtube.com/watch?v=9OwbphjVQSg,stage_4_normalize,not_started,,,,0,,2025-11-03T18:26:53.953077Z,stage_2_chunk_pending
youtube_9OwbphjVQSg,youtube,BLOWN AWAY by KOH CHANG 🏝️ FULL TOUR of the ISLAND,https://youtube.com/watch?v=9OwbphjVQSg,stage_5_embed,not_started,,,,0,,2025-11-03T18:26:53.953077Z,stage_2_chunk_pending
youtube_l9qGQqIpZdE,youtube,🇹🇭 FULL TOUR Koh Samet - Thailand 🏝️ 100% BETTER Than Koh Larn,https://youtube.com/watch?v=l9qGQqIpZdE,stage_1_crawl,complete,2025-11-03T18:27:01.251288Z,2025-11-03T18:27:03.096114Z,1.844826,0,,2025-11-03T18:26:59.394798Z,stage_2_chunk_pending
youtube_l9qGQqIpZdE,youtube,🇹🇭 FULL TOUR Koh Samet - Thailand 🏝️ 100% BETTER Than Koh Larn,https://youtube.com/watch?v=l9qGQqIpZdE,stage_2_chunk,not_started,,,,0,,2025-11-03T18:26:59.394798Z,stage_2_chunk_pending
youtube_l9qGQqIpZdE,youtube,🇹🇭 FULL TOUR Koh Samet - Thailand 🏝️ 100% BETTER Than Koh Larn,https://youtube.com/watch?v=l9qGQqIpZdE,stage_3_extract,not_started,,,,0,,2025-11-03T18:26:59.394798Z,stage_2_chunk_pending
youtube_l9qGQqIpZdE,youtube,🇹🇭 FULL TOUR Koh Samet - Thailand 🏝️ 100% BETTER Than Koh Larn,https://youtube.com/watch?v=l9qGQqIpZdE,stage_4_normalize,not_started,,,,0,,2025-11-03T18:26:59.394798Z,stage_2_chunk_pending
youtube_l9qGQqIpZdE,youtube,🇹🇭 FULL TOUR Koh Samet - Thailand 🏝️ 100% BETTER Than Koh Larn,https://youtube.com/watch?v=l9qGQqIpZdE,stage_5_embed,not_started,,,,0,,2025-11-03T18:26:59.394798Z,stage_2_chunk_pending
youtube_JlTvE9rcKAk,youtube,I Finally Visited KOH SAMET 🇹🇭 But Is It Really Thailand's BEST Island?,https://youtube.com/watch?v=JlTvE9rcKAk,stage_1_crawl,complete,2025-11-03T18:27:06.755610Z,2025-11-03T18:27:08.734764Z,1.979154,0,,2025-11-03T18:27:04.962115Z,stage_2_chunk_pending
youtube_JlTvE9rcKAk,youtube,I Finally Visited KOH SAMET 🇹🇭 But Is It Really Thailand's BEST Island?,https://youtube.com/watch?v=JlTvE9rcKAk,stage_2_chunk,not_started,,,,0,,2025-11-03T18:27:04.962115Z,stage_2_chunk_pending
youtube_JlTvE9rcKAk,youtube,I Finally Visited KOH SAMET 🇹🇭 But Is It Really Thailand's BEST Island?,https://youtube.com/watch?v=JlTvE9rcKAk,stage_3_extract,not_started,,,,0,,2025-11-03T18:27:04.962115Z,stage_2_chunk_pending
youtube_JlTvE9rcKAk,youtube,I Finally Visited KOH SAMET 🇹🇭 But Is It Really Thailand's BEST Island?,https://youtube.com/watch?v=JlTvE9rcKAk,stage_4_normalize,not_started,,,,0,,2025-11-03T18:27:04.962115Z,stage_2_chunk_pending
youtube_JlTvE9rcKAk,youtube,I Finally Visited KOH SAMET 🇹🇭 But Is It Really Thailand's BEST Island?,https://youtube.com/watch?v=JlTvE9rcKAk,stage_5_embed,not_started,,,,0,,2025-11-03T18:27:04.962115Z,stage_2_chunk_pending
youtube_IfxP1tQk8Z8,youtube,Koh Samet Guide for First Timers (save MONEY & TIME!),https://youtube.com/watch?v=IfxP1tQk8Z8,stage_1_crawl,complete,2025-11-03T18:27:12.588911Z,2025-11-03T18:27:15.666432Z,3.077521,0,,2025-11-03T18:27:10.505662Z,stage_2_chunk_pending
youtube_IfxP1tQk8Z8,youtube,Koh Samet Guide for First Timers (save MONEY & TIME!),https://youtube.com/watch?v=IfxP1tQk8Z8,stage_2_chunk,not_started,,,,0,,2025-11-03T18:27:10.505662Z,stage_2_chunk_pending
youtube_IfxP1tQk8Z8,youtube,Koh Samet Guide for First Timers (save MONEY & TIME!),https://youtube.com/watch?v=IfxP1tQk8Z8,stage_3_extract,not_started,,,,0,,2025-11-03T18:27:10.505662Z,stage_2_chunk_pending
youtube_IfxP1tQk8Z8,youtube,Koh Samet Guide for First Timers (save MONEY & TIME!),https://youtube.com/watch?v=IfxP1tQk8Z8,stage_4_normalize,not_started,,,,0,,2025-11-03T18:27:10.505662Z,stage_2_chunk_pending
youtube_IfxP1tQk8Z8,youtube,Koh Samet Guide for First Timers (save MONEY & TIME!),https://youtube.com/watch?v=IfxP1tQk8Z8,stage_5_embed,not_started,,,,0,,2025-11-03T18:27:10.505662Z,stage_2_chunk_pending
youtube_RLnxDNbehZY,youtube,Let's Explore Ranong Thailand 🇹🇭 A Beautiful Hidden Gem,https://youtube.com/watch?v=RLnxDNbehZY,stage_1_crawl,complete,2025-11-03T18:27:19.246497Z,2025-11-03T18:27:21.099567Z,1.85307,0,,2025-11-03T18:27:17.526255Z,stage_2_chunk_pending
youtube_RLnxDNbehZY,youtube,Let's Explore Ranong Thailand 🇹🇭 A Beautiful Hidden Gem,https://youtube.com/watch?v=RLnxDNbehZY,stage_2_chunk,not_started,,,,0,,2025-11-03T18:27:17.526255Z,stage_2_chunk_pending
youtube_RLnxDNbehZY,youtube,Let's Explore Ranong Thailand 🇹🇭 A Beautiful Hidden Gem,https://youtube.com/watch?v=RLnxDNbehZY,stage_3_extract,not_started,,,,0,,2025-11-03T18:27:17.526255Z,stage_2_chunk_pending
youtube_RLnxDNbehZY,youtube,Let's Explore Ranong Thailand 🇹🇭 A Beautiful Hidden Gem,https://youtube.com/watch?v=RLnxDNbehZY,stage_4_normalize,not_started,,,,0,,2025-11-03T18:27:17.526255Z,stage_2_chunk_pending
youtube_RLnxDNbehZY,youtube,Let's Explore Ranong Thailand 🇹🇭 A Beautiful Hidden Gem,https://youtube.com/watch?v=RLnxDNbehZY,stage_5_embed,not_started,,,,0,,2025-11-03T18:27:17.526255Z,stage_2_chunk_pending
youtube_Rn5Ojw2vBwU,youtube,Southern Thailand   - Insider tips for Chumphon and Ranong,https://youtube.com/watch?v=Rn5Ojw2vBwU,stage_1_crawl,complete,2025-11-03T18:27:24.643795Z,2025-11-03T18:27:26.444597Z,1.800802,0,,2025-11-03T18:27:22.954882Z,stage_2_chunk_pending
youtube_Rn5Ojw2vBwU,youtube,Southern Thailand   - Insider tips for Chumphon and Ranong,https://youtube.com/watch?v=Rn5Ojw2vBwU,stage_2_chunk,not_started,,,,0,,2025-11-03T18:27:22.954882Z,stage_2_chunk_pending
youtube_Rn5Ojw2vBwU,youtube,Southern Thailand   - Insider tips for Chumphon and Ranong,https://youtube.com/watch?v=Rn5Ojw2vBwU,stage_3_extract,not_started,,,,0,,2025-11-03T18:27:22.954882Z,stage_2_chunk_pending
youtube_Rn5Ojw2vBwU,youtube,Southern Thailand   - Insider tips for Chumphon and Ranong,https://youtube.com/watch?v=Rn5Ojw2vBwU,stage_4_normalize,not_started,,,,0,,2025-11-03T18:27:22.954882Z,stage_2_chunk_pending
youtube_Rn5Ojw2vBwU,youtube,Southern Thailand   - Insider tips for Chumphon and Ranong,https://youtube.com/watch?v=Rn5Ojw2vBwU,stage_5_embed,not_started,,,,0,,2025-11-03T18:27:22.954882Z,stage_2_chunk_pending
youtube_H0u_2kZB_bo,youtube,MIND-BLOWING THAILAND! 🇹🇭 A day in Nakhon Si Thammarat (Sichon & Khanom) | THAILAND VLOG,https://youtube.com/watch?v=H0u_2kZB_bo,stage_1_crawl,complete,2025-11-03T18:27:30.033594Z,2025-11-03T18:27:31.816920Z,1.783326,0,,2025-11-03T18:27:28.295358Z,stage_2_chunk_pending
youtube_H0u_2kZB_bo,youtube,MIND-BLOWING THAILAND! 🇹🇭 A day in Nakhon Si Thammarat (Sichon & Khanom) | THAILAND VLOG,https://youtube.com/watch?v=H0u_2kZB_bo,stage_2_chunk,not_started,,,,0,,2025-11-03T18:27:28.295358Z,stage_2_chunk_pending
youtube_H0u_2kZB_bo,youtube,MIND-BLOWING THAILAND! 🇹🇭 A day in Nakhon Si Thammarat (Sichon & Khanom) | THAILAND VLOG,https://youtube.com/watch?v=H0u_2kZB_bo,stage_3_extract,not_started,,,,0,,2025-11-03T18:27:28.295358Z,stage_2_chunk_pending
youtube_H0u_2kZB_bo,youtube,MIND-BLOWING THAILAND! 🇹🇭 A day in Nakhon Si Thammarat (Sichon & Khanom) | THAILAND VLOG,https://youtube.com/watch?v=H0u_2kZB_bo,stage_4_normalize,not_started,,,,0,,2025-11-03T18:27:28.295358Z,stage_2_chunk_pending
youtube_H0u_2kZB_bo,youtube,MIND-BLOWING THAILAND! 🇹🇭 A day in Nakhon Si Thammarat (Sichon & Khanom) | THAILAND VLOG,https://youtube.com/watch?v=H0u_2kZB_bo,stage_5_embed,not_started,,,,0,,2025-11-03T18:27:28.295358Z,stage_2_chunk_pending
youtube_wwBRFz3C07o,youtube,2 Awesome Days in Nakhon Si Thammarat 🇹🇭,https://youtube.com/watch?v=wwBRFz3C07o,stage_1_crawl,complete,2025-11-03T18:27:35.253165Z,2025-11-03T18:27:36.989450Z,1.736285,0,,2025-11-03T18:27:33.508109Z,stage_2_chunk_pending
youtube_wwBRFz3C07o,youtube,2 Awesome Days in Nakhon Si Thammarat 🇹🇭,https://youtube.com/watch?v=wwBRFz3C07o,stage_2_chunk,not_started,,,,0,,2025-11-03T18:27:33.508109Z,stage_2_chunk_pending
youtube_wwBRFz3C07o,youtube,2 Awesome Days in Nakhon Si Thammarat 🇹🇭,https://youtube.com/watch?v=wwBRFz3C07o,stage_3_extract,not_started,,,,0,,2025-11-03T18:27:33.508109Z,stage_2_chunk_pending
youtube_wwBRFz3C07o,youtube,2 Awesome Days in Nakhon Si Thammarat 🇹🇭,https://youtube.com/watch?v=wwBRFz3C07o,stage_4_normalize,not_started,,,,0,,2025-11-03T18:27:33.508109Z,stage_2_chunk_pending
youtube_wwBRFz3C07o,youtube,2 Awesome Days in Nakhon Si Thammarat 🇹🇭,https://youtube.com/watch?v=wwBRFz3C07o,stage_5_embed,not_started,,,,0,,2025-11-03T18:27:33.508109Z,stage_2_chunk_pending
youtube_LGjdzqe8LIo,youtube,10 Best Things to do in Hat Yai Thailand - This Thai City Surprised Me!,https://youtube.com/watch?v=LGjdzqe8LIo,stage_1_crawl,complete,2025-11-03T18:27:42.838364Z,2025-11-03T18:27:44.835921Z,1.997557,0,,2025-11-03T18:27:38.777290Z,stage_2_chunk_pending
youtube_LGjdzqe8LIo,youtube,10 Best Things to do in Hat Yai Thailand - This Thai City Surprised Me!,https://youtube.com/watch?v=LGjdzqe8LIo,stage_2_chunk,not_started,,,,0,,2025-11-03T18:27:38.777290Z,stage_2_chunk_pending
youtube_LGjdzqe8LIo,youtube,10 Best Things to do in Hat Yai Thailand - This Thai City Surprised Me!,https://youtube.com/watch?v=LGjdzqe8LIo,stage_3_extract,not_started,,,,0,,2025-11-03T18:27:38.777290Z,stage_2_chunk_pending
youtube_LGjdzqe8LIo,youtube,10 Best Things to do in Hat Yai Thailand - This Thai City Surprised Me!,https://youtube.com/watch?v=LGjdzqe8LIo,stage_4_normalize,not_started,,,,0,,2025-11-03T18:27:38.777290Z,stage_2_chunk_pending
youtube_LGjdzqe8LIo,youtube,10 Best Things to do in Hat Yai Thailand - This Thai City Surprised Me!,https://youtube.com/watch?v=LGjdzqe8LIo,stage_5_embed,not_started,,,,0,,2025-11-03T18:27:38.777290Z,stage_2_chunk_pending
youtube_Q-zX0DudAcY,youtube,Unseen Thailand 🇹🇭 10 Things To Do In Songkhla & Satun 🏖️,https://youtube.com/watch?v=Q-zX0DudAcY,stage_1_crawl,complete,2025-11-03T18:27:48.248106Z,2025-11-03T18:27:50.104443Z,1.856337,0,,2025-11-03T18:27:46.519736Z,stage_2_chunk_pending
youtube_Q-zX0DudAcY,youtube,Unseen Thailand 🇹🇭 10 Things To Do In Songkhla & Satun 🏖️,https://youtube.com/watch?v=Q-zX0DudAcY,stage_2_chunk,not_started,,,,0,,2025-11-03T18:27:46.519736Z,stage_2_chunk_pending
youtube_Q-zX0DudAcY,youtube,Unseen Thailand 🇹🇭 10 Things To Do In Songkhla & Satun 🏖️,https://youtube.com/watch?v=Q-zX0DudAcY,stage_3_extract,not_started,,,,0,,2025-11-03T18:27:46.519736Z,stage_2_chunk_pending
youtube_Q-zX0DudAcY,youtube,Unseen Thailand 🇹🇭 10 Things To Do In Songkhla & Satun 🏖️,https://youtube.com/watch?v=Q-zX0DudAcY,stage_4_normalize,not_started,,,,0,,2025-11-03T18:27:46.519736Z,stage_2_chunk_pending
youtube_Q-zX0DudAcY,youtube,Unseen Thailand 🇹🇭 10 Things To Do In Songkhla & Satun 🏖️,https://youtube.com/watch?v=Q-zX0DudAcY,stage_5_embed,not_started,,,,0,,2025-11-03T18:27:46.519736Z,stage_2_chunk_pending
youtube_XFY9KeeZxII,youtube,"Songkhla City, Thailand is the place nobody talks about. Why?",https://youtube.com/watch?v=XFY9KeeZxII,stage_1_crawl,complete,2025-11-03T18:27:53.641083Z,2025-11-03T18:27:55.351281Z,1.710198,0,,2025-11-03T18:27:51.988053Z,stage_2_chunk_pending
youtube_XFY9KeeZxII,youtube,"Songkhla City, Thailand is the place nobody talks about. Why?",https://youtube.com/watch?v=XFY9KeeZxII,stage_2_chunk,not_started,,,,0,,2025-11-03T18:27:51.988053Z,stage_2_chunk_pending
youtube_XFY9KeeZxII,youtube,"Songkhla City, Thailand is the place nobody talks about. Why?",https://youtube.com/watch?v=XFY9KeeZxII,stage_3_extract,not_started,,,,0,,2025-11-03T18:27:51.988053Z,stage_2_chunk_pending
youtube_XFY9KeeZxII,youtube,"Songkhla City, Thailand is the place nobody talks about. Why?",https://youtube.com/watch?v=XFY9KeeZxII,stage_4_normalize,not_started,,,,0,,2025-11-03T18:27:51.988053Z,stage_2_chunk_pending
youtube_XFY9KeeZxII,youtube,"Songkhla City, Thailand is the place nobody talks about. Why?",https://youtube.com/watch?v=XFY9KeeZxII,stage_5_embed,not_started,,,,0,,2025-11-03T18:27:51.988053Z,stage_2_chunk_pending
youtube_1WkhwRT5qYg,youtube,Chumphon Is The Most Underrated Place in Thailand 🌴,https://youtube.com/watch?v=1WkhwRT5qYg,stage_1_crawl,complete,2025-11-03T18:27:58.755194Z,2025-11-03T18:28:00.505591Z,1.750397,0,,2025-11-03T18:27:57.008718Z,stage_2_chunk_pending
youtube_1WkhwRT5qYg,youtube,Chumphon Is The Most Underrated Place in Thailand 🌴,https://youtube.com/watch?v=1WkhwRT5qYg,stage_2_chunk,not_started,,,,0,,2025-11-03T18:27:57.008718Z,stage_2_chunk_pending
youtube_1WkhwRT5qYg,youtube,Chumphon Is The Most Underrated Place in Thailand 🌴,https://youtube.com/watch?v=1WkhwRT5qYg,stage_3_extract,not_started,,,,0,,2025-11-03T18:27:57.008718Z,stage_2_chunk_pending
youtube_1WkhwRT5qYg,youtube,Chumphon Is The Most Underrated Place in Thailand 🌴,https://youtube.com/watch?v=1WkhwRT5qYg,stage_4_normalize,not_started,,,,0,,2025-11-03T18:27:57.008718Z,stage_2_chunk_pending
youtube_1WkhwRT5qYg,youtube,Chumphon Is The Most Underrated Place in Thailand 🌴,https://youtube.com/watch?v=1WkhwRT5qYg,stage_5_embed,not_started,,,,0,,2025-11-03T18:27:57.008718Z,stage_2_chunk_pending
youtube_JDLN3sGf9Yc,youtube,"Day 1 in Satun, Thailand!! Seafood Dinner, Night Market + Tour of Satun!",https://youtube.com/watch?v=JDLN3sGf9Yc,stage_1_crawl,complete,2025-11-03T18:28:04.073081Z,2025-11-03T18:28:05.815042Z,1.741961,0,,2025-11-03T18:28:02.191867Z,stage_2_chunk_pending
youtube_JDLN3sGf9Yc,youtube,"Day 1 in Satun, Thailand!! Seafood Dinner, Night Market + Tour of Satun!",https://youtube.com/watch?v=JDLN3sGf9Yc,stage_2_chunk,not_started,,,,0,,2025-11-03T18:28:02.191867Z,stage_2_chunk_pending
youtube_JDLN3sGf9Yc,youtube,"Day 1 in Satun, Thailand!! Seafood Dinner, Night Market + Tour of Satun!",https://youtube.com/watch?v=JDLN3sGf9Yc,stage_3_extract,not_started,,,,0,,2025-11-03T18:28:02.191867Z,stage_2_chunk_pending
youtube_JDLN3sGf9Yc,youtube,"Day 1 in Satun, Thailand!! Seafood Dinner, Night Market + Tour of Satun!",https://youtube.com/watch?v=JDLN3sGf9Yc,stage_4_normalize,not_started,,,,0,,2025-11-03T18:28:02.191867Z,stage_2_chunk_pending
youtube_JDLN3sGf9Yc,youtube,"Day 1 in Satun, Thailand!! Seafood Dinner, Night Market + Tour of Satun!",https://youtube.com/watch?v=JDLN3sGf9Yc,stage_5_embed,not_started,,,,0,,2025-11-03T18:28:02.191867Z,stage_2_chunk_pending
youtube_OTihpU3Uk6M,youtube,Exploring Southern Thailand| Satun Province,https://youtube.com/watch?v=OTihpU3Uk6M,stage_1_crawl,complete,2025-11-03T18:28:09.275770Z,2025-11-03T18:28:11.117596Z,1.841826,0,,2025-11-03T18:28:07.528865Z,stage_2_chunk_pending
youtube_OTihpU3Uk6M,youtube,Exploring Southern Thailand| Satun Province,https://youtube.com/watch?v=OTihpU3Uk6M,stage_2_chunk,not_started,,,,0,,2025-11-03T18:28:07.528865Z,stage_2_chunk_pending
youtube_OTihpU3Uk6M,youtube,Exploring Southern Thailand| Satun Province,https://youtube.com/watch?v=OTihpU3Uk6M,stage_3_extract,not_started,,,,0,,2025-11-03T18:28:07.528865Z,stage_2_chunk_pending
youtube_OTihpU3Uk6M,youtube,Exploring Southern Thailand| Satun Province,https://youtube.com/watch?v=OTihpU3Uk6M,stage_4_normalize,not_started,,,,0,,2025-11-03T18:28:07.528865Z,stage_2_chunk_pending
youtube_OTihpU3Uk6M,youtube,Exploring Southern Thailand| Satun Province,https://youtube.com/watch?v=OTihpU3Uk6M,stage_5_embed,not_started,,,,0,,2025-11-03T18:28:07.528865Z,stage_2_chunk_pending
youtube_v8VJoMMGspU,youtube,11 INCREDIBLE Things To Do In Pai 🇹🇭 Thailand,https://youtube.com/watch?v=v8VJoMMGspU,stage_1_crawl,complete,2025-11-03T18:28:17.659122Z,2025-11-03T18:28:19.485024Z,1.825902,0,,2025-11-03T18:28:14.913151Z,stage_2_chunk_pending
youtube_v8VJoMMGspU,youtube,11 INCREDIBLE Things To Do In Pai 🇹🇭 Thailand,https://youtube.com/watch?v=v8VJoMMGspU,stage_2_chunk,not_started,,,,0,,2025-11-03T18:28:14.913151Z,stage_2_chunk_pending
youtube_v8VJoMMGspU,youtube,11 INCREDIBLE Things To Do In Pai 🇹🇭 Thailand,https://youtube.com/watch?v=v8VJoMMGspU,stage_3_extract,not_started,,,,0,,2025-11-03T18:28:14.913151Z,stage_2_chunk_pending
youtube_v8VJoMMGspU,youtube,11 INCREDIBLE Things To Do In Pai 🇹🇭 Thailand,https://youtube.com/watch?v=v8VJoMMGspU,stage_4_normalize,not_started,,,,0,,2025-11-03T18:28:14.913151Z,stage_2_chunk_pending
youtube_v8VJoMMGspU,youtube,11 INCREDIBLE Things To Do In Pai 🇹🇭 Thailand,https://youtube.com/watch?v=v8VJoMMGspU,stage_5_embed,not_started,,,,0,,2025-11-03T18:28:14.913151Z,stage_2_chunk_pending
youtube_Nk1JM4DFlhw,youtube,Northern Thailand I CHIANG RAI - PAI - CHIANG MAI,https://youtube.com/watch?v=Nk1JM4DFlhw,stage_1_crawl,complete,2025-11-03T18:28:23.727371Z,2025-11-03T18:28:25.623120Z,1.895749,0,,2025-11-03T18:28:21.756155Z,stage_2_chunk_pending
youtube_Nk1JM4DFlhw,youtube,Northern Thailand I CHIANG RAI - PAI - CHIANG MAI,https://youtube.com/watch?v=Nk1JM4DFlhw,stage_2_chunk,not_started,,,,0,,2025-11-03T18:28:21.756155Z,stage_2_chunk_pending
youtube_Nk1JM4DFlhw,youtube,Northern Thailand I CHIANG RAI - PAI - CHIANG MAI,https://youtube.com/watch?v=Nk1JM4DFlhw,stage_3_extract,not_started,,,,0,,2025-11-03T18:28:21.756155Z,stage_2_chunk_pending
youtube_Nk1JM4DFlhw,youtube,Northern Thailand I CHIANG RAI - PAI - CHIANG MAI,https://youtube.com/watch?v=Nk1JM4DFlhw,stage_4_normalize,not_started,,,,0,,2025-11-03T18:28:21.756155Z,stage_2_chunk_pending
youtube_Nk1JM4DFlhw,youtube,Northern Thailand I CHIANG RAI - PAI - CHIANG MAI,https://youtube.com/watch?v=Nk1JM4DFlhw,stage_5_embed,not_started,,,,0,,2025-11-03T18:28:21.756155Z,stage_2_chunk_pending
youtube_ud_zICUEi04,youtube,"MAE HONG SON LOOP, THAILAND | How To Do The Mae Hong Son Loop (+ Itinerary & Tips)",https://youtube.com/watch?v=ud_zICUEi04,stage_1_crawl,complete,2025-11-03T18:28:29.156536Z,2025-11-03T18:28:30.915803Z,1.759267,0,,2025-11-03T18:28:27.407083Z,stage_2_chunk_pending
youtube_ud_zICUEi04,youtube,"MAE HONG SON LOOP, THAILAND | How To Do The Mae Hong Son Loop (+ Itinerary & Tips)",https://youtube.com/watch?v=ud_zICUEi04,stage_2_chunk,not_started,,,,0,,2025-11-03T18:28:27.407083Z,stage_2_chunk_pending
youtube_ud_zICUEi04,youtube,"MAE HONG SON LOOP, THAILAND | How To Do The Mae Hong Son Loop (+ Itinerary & Tips)",https://youtube.com/watch?v=ud_zICUEi04,stage_3_extract,not_started,,,,0,,2025-11-03T18:28:27.407083Z,stage_2_chunk_pending
youtube_ud_zICUEi04,youtube,"MAE HONG SON LOOP, THAILAND | How To Do The Mae Hong Son Loop (+ Itinerary & Tips)",https://youtube.com/watch?v=ud_zICUEi04,stage_4_normalize,not_started,,,,0,,2025-11-03T18:28:27.407083Z,stage_2_chunk_pending
youtube_ud_zICUEi04,youtube,"MAE HONG SON LOOP, THAILAND | How To Do The Mae Hong Son Loop (+ Itinerary & Tips)",https://youtube.com/watch?v=ud_zICUEi04,stage_5_embed,not_started,,,,0,,2025-11-03T18:28:27.407083Z,stage_2_chunk_pending
youtube_wt-SC9ItPmk,youtube,Mae Hong Son Loop - The Ultimate Guide to Thailand's Motorbike Adventure,https://youtube.com/watch?v=wt-SC9ItPmk,stage_1_crawl,complete,2025-11-03T18:28:34.381831Z,2025-11-03T18:28:36.206312Z,1.824481,0,,2025-11-03T18:28:32.672701Z,stage_2_chunk_pending
youtube_wt-SC9ItPmk,youtube,Mae Hong Son Loop - The Ultimate Guide to Thailand's Motorbike Adventure,https://youtube.com/watch?v=wt-SC9ItPmk,stage_2_chunk,not_started,,,,0,,2025-11-03T18:28:32.672701Z,stage_2_chunk_pending
youtube_wt-SC9ItPmk,youtube,Mae Hong Son Loop - The Ultimate Guide to Thailand's Motorbike Adventure,https://youtube.com/watch?v=wt-SC9ItPmk,stage_3_extract,not_started,,,,0,,2025-11-03T18:28:32.672701Z,stage_2_chunk_pending
youtube_wt-SC9ItPmk,youtube,Mae Hong Son Loop - The Ultimate Guide to Thailand's Motorbike Adventure,https://youtube.com/watch?v=wt-SC9ItPmk,stage_4_normalize,not_started,,,,0,,2025-11-03T18:28:32.672701Z,stage_2_chunk_pending
youtube_wt-SC9ItPmk,youtube,Mae Hong Son Loop - The Ultimate Guide to Thailand's Motorbike Adventure,https://youtube.com/watch?v=wt-SC9ItPmk,stage_5_embed,not_started,,,,0,,2025-11-03T18:28:32.672701Z,stage_2_chunk_pending
youtube_YTHZX_qt1cU,youtube,the VERY BEST of Northern Thailand 🇹🇭 (Travel Guide),https://youtube.com/watch?v=YTHZX_qt1cU,stage_1_crawl,complete,2025-11-03T18:29:04.410314Z,2025-11-03T18:29:06.115949Z,1.705635,0,,2025-11-03T18:28:37.870377Z,stage_2_chunk_pending
youtube_YTHZX_qt1cU,youtube,the VERY BEST of Northern Thailand 🇹🇭 (Travel Guide),https://youtube.com/watch?v=YTHZX_qt1cU,stage_2_chunk,not_started,,,,0,,2025-11-03T18:28:37.870377Z,stage_2_chunk_pending
youtube_YTHZX_qt1cU,youtube,the VERY BEST of Northern Thailand 🇹🇭 (Travel Guide),https://youtube.com/watch?v=YTHZX_qt1cU,stage_3_extract,not_started,,,,0,,2025-11-03T18:28:37.870377Z,stage_2_chunk_pending
youtube_YTHZX_qt1cU,youtube,the VERY BEST of Northern Thailand 🇹🇭 (Travel Guide),https://youtube.com/watch?v=YTHZX_qt1cU,stage_4_normalize,not_started,,,,0,,2025-11-03T18:28:37.870377Z,stage_2_chunk_pending
youtube_YTHZX_qt1cU,youtube,the VERY BEST of Northern Thailand 🇹🇭 (Travel Guide),https://youtube.com/watch?v=YTHZX_qt1cU,stage_5_embed,not_started,,,,0,,2025-11-03T18:28:37.870377Z,stage_2_chunk_pending
youtube_xwDBrrZnI00,youtube,First Time in Lampang / Northern Thailand Motorbike Tour / Thai Food Journey 2022,https://youtube.com/watch?v=xwDBrrZnI00,stage_1_crawl,complete,2025-11-03T18:28:44.769118Z,2025-11-03T18:28:46.603615Z,1.834497,0,,2025-11-03T18:28:43.024442Z,stage_2_chunk_pending
youtube_xwDBrrZnI00,youtube,First Time in Lampang / Northern Thailand Motorbike Tour / Thai Food Journey 2022,https://youtube.com/watch?v=xwDBrrZnI00,stage_2_chunk,not_started,,,,0,,2025-11-03T18:28:43.024442Z,stage_2_chunk_pending
youtube_xwDBrrZnI00,youtube,First Time in Lampang / Northern Thailand Motorbike Tour / Thai Food Journey 2022,https://youtube.com/watch?v=xwDBrrZnI00,stage_3_extract,not_started,,,,0,,2025-11-03T18:28:43.024442Z,stage_2_chunk_pending
youtube_xwDBrrZnI00,youtube,First Time in Lampang / Northern Thailand Motorbike Tour / Thai Food Journey 2022,https://youtube.com/watch?v=xwDBrrZnI00,stage_4_normalize,not_started,,,,0,,2025-11-03T18:28:43.024442Z,stage_2_chunk_pending
youtube_xwDBrrZnI00,youtube,First Time in Lampang / Northern Thailand Motorbike Tour / Thai Food Journey 2022,https://youtube.com/watch?v=xwDBrrZnI00,stage_5_embed,not_started,,,,0,,2025-11-03T18:28:43.024442Z,stage_2_chunk_pending
youtube_hGb9LAg90hs,youtube,Exploring LAMPHUN - HIDDEN GEM IN NORTHERN THAILAND #lamphun,https://youtube.com/watch?v=hGb9LAg90hs,stage_1_crawl,complete,2025-11-03T18:28:50.126406Z,2025-11-03T18:28:51.934492Z,1.808086,0,,2025-11-03T18:28:48.385492Z,stage_2_chunk_pending
youtube_hGb9LAg90hs,youtube,Exploring LAMPHUN - HIDDEN GEM IN NORTHERN THAILAND #lamphun,https://youtube.com/watch?v=hGb9LAg90hs,stage_2_chunk,not_started,,,,0,,2025-11-03T18:28:48.385492Z,stage_2_chunk_pending
youtube_hGb9LAg90hs,youtube,Exploring LAMPHUN - HIDDEN GEM IN NORTHERN THAILAND #lamphun,https://youtube.com/watch?v=hGb9LAg90hs,stage_3_extract,not_started,,,,0,,2025-11-03T18:28:48.385492Z,stage_2_chunk_pending
youtube_hGb9LAg90hs,youtube,Exploring LAMPHUN - HIDDEN GEM IN NORTHERN THAILAND #lamphun,https://youtube.com/watch?v=hGb9LAg90hs,stage_4_normalize,not_started,,,,0,,2025-11-03T18:28:48.385492Z,stage_2_chunk_pending
youtube_hGb9LAg90hs,youtube,Exploring LAMPHUN - HIDDEN GEM IN NORTHERN THAILAND #lamphun,https://youtube.com/watch?v=hGb9LAg90hs,stage_5_embed,not_started,,,,0,,2025-11-03T18:28:48.385492Z,stage_2_chunk_pending
youtube_Qg-F2eZyLyQ,youtube,LAMPHUN Province in Northern Thailand and it's MAGICAL Railways,https://youtube.com/watch?v=Qg-F2eZyLyQ,stage_1_crawl,complete,2025-11-03T18:28:55.628226Z,2025-11-03T18:28:57.353943Z,1.725717,0,,2025-11-03T18:28:53.649110Z,stage_2_chunk_pending
youtube_Qg-F2eZyLyQ,youtube,LAMPHUN Province in Northern Thailand and it's MAGICAL Railways,https://youtube.com/watch?v=Qg-F2eZyLyQ,stage_2_chunk,not_started,,,,0,,2025-11-03T18:28:53.649110Z,stage_2_chunk_pending
youtube_Qg-F2eZyLyQ,youtube,LAMPHUN Province in Northern Thailand and it's MAGICAL Railways,https://youtube.com/watch?v=Qg-F2eZyLyQ,stage_3_extract,not_started,,,,0,,2025-11-03T18:28:53.649110Z,stage_2_chunk_pending
youtube_Qg-F2eZyLyQ,youtube,LAMPHUN Province in Northern Thailand and it's MAGICAL Railways,https://youtube.com/watch?v=Qg-F2eZyLyQ,stage_4_normalize,not_started,,,,0,,2025-11-03T18:28:53.649110Z,stage_2_chunk_pending
youtube_Qg-F2eZyLyQ,youtube,LAMPHUN Province in Northern Thailand and it's MAGICAL Railways,https://youtube.com/watch?v=Qg-F2eZyLyQ,stage_5_embed,not_started,,,,0,,2025-11-03T18:28:53.649110Z,stage_2_chunk_pending
youtube_eZzEkQlp7VU,youtube,13 Things to do in Nan and Phayao,https://youtube.com/watch?v=eZzEkQlp7VU,stage_1_crawl,complete,2025-11-03T18:29:00.812115Z,2025-11-03T18:29:02.680681Z,1.868566,0,,2025-11-03T18:28:59.076054Z,stage_2_chunk_pending
youtube_eZzEkQlp7VU,youtube,13 Things to do in Nan and Phayao,https://youtube.com/watch?v=eZzEkQlp7VU,stage_2_chunk,not_started,,,,0,,2025-11-03T18:28:59.076054Z,stage_2_chunk_pending
youtube_eZzEkQlp7VU,youtube,13 Things to do in Nan and Phayao,https://youtube.com/watch?v=eZzEkQlp7VU,stage_3_extract,not_started,,,,0,,2025-11-03T18:28:59.076054Z,stage_2_chunk_pending
youtube_eZzEkQlp7VU,youtube,13 Things to do in Nan and Phayao,https://youtube.com/watch?v=eZzEkQlp7VU,stage_4_normalize,not_started,,,,0,,2025-11-03T18:28:59.076054Z,stage_2_chunk_pending
youtube_eZzEkQlp7VU,youtube,13 Things to do in Nan and Phayao,https://youtube.com/watch?v=eZzEkQlp7VU,stage_5_embed,not_started,,,,0,,2025-11-03T18:28:59.076054Z,stage_2_chunk_pending
youtube_0FNqrxW2y5E,youtube,"Phayao, Thailand - a hidden gem",https://youtube.com/watch?v=0FNqrxW2y5E,stage_1_crawl,complete,2025-11-03T18:29:09.939922Z,2025-11-03T18:29:11.791186Z,1.851264,0,,2025-11-03T18:29:08.139336Z,stage_2_chunk_pending
youtube_0FNqrxW2y5E,youtube,"Phayao, Thailand - a hidden gem",https://youtube.com/watch?v=0FNqrxW2y5E,stage_2_chunk,not_started,,,,0,,2025-11-03T18:29:08.139336Z,stage_2_chunk_pending
youtube_0FNqrxW2y5E,youtube,"Phayao, Thailand - a hidden gem",https://youtube.com/watch?v=0FNqrxW2y5E,stage_3_extract,not_started,,,,0,,2025-11-03T18:29:08.139336Z,stage_2_chunk_pending
youtube_0FNqrxW2y5E,youtube,"Phayao, Thailand - a hidden gem",https://youtube.com/watch?v=0FNqrxW2y5E,stage_4_normalize,not_started,,,,0,,2025-11-03T18:29:08.139336Z,stage_2_chunk_pending
youtube_0FNqrxW2y5E,youtube,"Phayao, Thailand - a hidden gem",https://youtube.com/watch?v=0FNqrxW2y5E,stage_5_embed,not_started,,,,0,,2025-11-03T18:29:08.139336Z,stage_2_chunk_pending
youtube_gYU8z2B7sgE,youtube,5 Things To Do in NAN THAILAND | Ancient Salt Wells Khao Soi Noodles 🍜 and MORE,https://youtube.com/watch?v=gYU8z2B7sgE,stage_1_crawl,complete,2025-11-03T18:29:15.243499Z,2025-11-03T18:29:17.144196Z,1.900697,0,,2025-11-03T18:29:13.499824Z,stage_2_chunk_pending
youtube_gYU8z2B7sgE,youtube,5 Things To Do in NAN THAILAND | Ancient Salt Wells Khao Soi Noodles 🍜 and MORE,https://youtube.com/watch?v=gYU8z2B7sgE,stage_2_chunk,not_started,,,,0,,2025-11-03T18:29:13.499824Z,stage_2_chunk_pending
youtube_gYU8z2B7sgE,youtube,5 Things To Do in NAN THAILAND | Ancient Salt Wells Khao Soi Noodles 🍜 and MORE,https://youtube.com/watch?v=gYU8z2B7sgE,stage_3_extract,not_started,,,,0,,2025-11-03T18:29:13.499824Z,stage_2_chunk_pending
youtube_gYU8z2B7sgE,youtube,5 Things To Do in NAN THAILAND | Ancient Salt Wells Khao Soi Noodles 🍜 and MORE,https://youtube.com/watch?v=gYU8z2B7sgE,stage_4_normalize,not_started,,,,0,,2025-11-03T18:29:13.499824Z,stage_2_chunk_pending
youtube_gYU8z2B7sgE,youtube,5 Things To Do in NAN THAILAND | Ancient Salt Wells Khao Soi Noodles 🍜 and MORE,https://youtube.com/watch?v=gYU8z2B7sgE,stage_5_embed,not_started,,,,0,,2025-11-03T18:29:13.499824Z,stage_2_chunk_pending
youtube_intPaMNphzE,youtube,Nan: Thailand's Road to the Clouds,https://youtube.com/watch?v=intPaMNphzE,stage_1_crawl,complete,2025-11-03T18:29:20.836026Z,2025-11-03T18:29:22.623617Z,1.787591,0,,2025-11-03T18:29:19.003208Z,stage_2_chunk_pending
youtube_intPaMNphzE,youtube,Nan: Thailand's Road to the Clouds,https://youtube.com/watch?v=intPaMNphzE,stage_2_chunk,not_started,,,,0,,2025-11-03T18:29:19.003208Z,stage_2_chunk_pending
youtube_intPaMNphzE,youtube,Nan: Thailand's Road to the Clouds,https://youtube.com/watch?v=intPaMNphzE,stage_3_extract,not_started,,,,0,,2025-11-03T18:29:19.003208Z,stage_2_chunk_pending
youtube_intPaMNphzE,youtube,Nan: Thailand's Road to the Clouds,https://youtube.com/watch?v=intPaMNphzE,stage_4_normalize,not_started,,,,0,,2025-11-03T18:29:19.003208Z,stage_2_chunk_pending
youtube_intPaMNphzE,youtube,Nan: Thailand's Road to the Clouds,https://youtube.com/watch?v=intPaMNphzE,stage_5_embed,not_started,,,,0,,2025-11-03T18:29:19.003208Z,stage_2_chunk_pending
youtube_t_qiJpdgLBc,youtube,Top 10 Udon Thani Things to Do,https://youtube.com/watch?v=t_qiJpdgLBc,stage_1_crawl,complete,2025-11-03T18:29:26.260819Z,2025-11-03T18:29:28.113704Z,1.852885,0,,2025-11-03T18:29:24.380204Z,stage_2_chunk_pending
youtube_t_qiJpdgLBc,youtube,Top 10 Udon Thani Things to Do,https://youtube.com/watch?v=t_qiJpdgLBc,stage_2_chunk,not_started,,,,0,,2025-11-03T18:29:24.380204Z,stage_2_chunk_pending
youtube_t_qiJpdgLBc,youtube,Top 10 Udon Thani Things to Do,https://youtube.com/watch?v=t_qiJpdgLBc,stage_3_extract,not_started,,,,0,,2025-11-03T18:29:24.380204Z,stage_2_chunk_pending
youtube_t_qiJpdgLBc,youtube,Top 10 Udon Thani Things to Do,https://youtube.com/watch?v=t_qiJpdgLBc,stage_4_normalize,not_started,,,,0,,2025-11-03T18:29:24.380204Z,stage_2_chunk_pending
youtube_t_qiJpdgLBc,youtube,Top 10 Udon Thani Things to Do,https://youtube.com/watch?v=t_qiJpdgLBc,stage_5_embed,not_started,,,,0,,2025-11-03T18:29:24.380204Z,stage_2_chunk_pending
youtube_Tbrq5g1Ezl0,youtube,Surprised by UDON THANI 🇹🇭😱 ISAN Thailand Travel Vlog,https://youtube.com/watch?v=Tbrq5g1Ezl0,stage_1_crawl,complete,2025-11-03T18:29:31.712098Z,2025-11-03T18:29:33.391843Z,1.679745,0,,2025-11-03T18:29:29.987816Z,stage_2_chunk_pending
youtube_Tbrq5g1Ezl0,youtube,Surprised by UDON THANI 🇹🇭😱 ISAN Thailand Travel Vlog,https://youtube.com/watch?v=Tbrq5g1Ezl0,stage_2_chunk,not_started,,,,0,,2025-11-03T18:29:29.987816Z,stage_2_chunk_pending
youtube_Tbrq5g1Ezl0,youtube,Surprised by UDON THANI 🇹🇭😱 ISAN Thailand Travel Vlog,https://youtube.com/watch?v=Tbrq5g1Ezl0,stage_3_extract,not_started,,,,0,,2025-11-03T18:29:29.987816Z,stage_2_chunk_pending
youtube_Tbrq5g1Ezl0,youtube,Surprised by UDON THANI 🇹🇭😱 ISAN Thailand Travel Vlog,https://youtube.com/watch?v=Tbrq5g1Ezl0,stage_4_normalize,not_started,,,,0,,2025-11-03T18:29:29.987816Z,stage_2_chunk_pending
youtube_Tbrq5g1Ezl0,youtube,Surprised by UDON THANI 🇹🇭😱 ISAN Thailand Travel Vlog,https://youtube.com/watch?v=Tbrq5g1Ezl0,stage_5_embed,not_started,,,,0,,2025-11-03T18:29:29.987816Z,stage_2_chunk_pending
youtube_NqEzRfs9R5o,youtube,A Local's Guide to Udon Thani—Secret Thailand,https://youtube.com/watch?v=NqEzRfs9R5o,stage_1_crawl,complete,2025-11-03T18:29:36.958290Z,2025-11-03T18:29:38.721891Z,1.763601,0,,2025-11-03T18:29:35.236432Z,stage_2_chunk_pending
youtube_NqEzRfs9R5o,youtube,A Local's Guide to Udon Thani—Secret Thailand,https://youtube.com/watch?v=NqEzRfs9R5o,stage_2_chunk,not_started,,,,0,,2025-11-03T18:29:35.236432Z,stage_2_chunk_pending
youtube_NqEzRfs9R5o,youtube,A Local's Guide to Udon Thani—Secret Thailand,https://youtube.com/watch?v=NqEzRfs9R5o,stage_3_extract,not_started,,,,0,,2025-11-03T18:29:35.236432Z,stage_2_chunk_pending
youtube_NqEzRfs9R5o,youtube,A Local's Guide to Udon Thani—Secret Thailand,https://youtube.com/watch?v=NqEzRfs9R5o,stage_4_normalize,not_started,,,,0,,2025-11-03T18:29:35.236432Z,stage_2_chunk_pending
youtube_NqEzRfs9R5o,youtube,A Local's Guide to Udon Thani—Secret Thailand,https://youtube.com/watch?v=NqEzRfs9R5o,stage_5_embed,not_started,,,,0,,2025-11-03T18:29:35.236432Z,stage_2_chunk_pending
youtube_eYzEvZWZzss,youtube,"Things to Do in Khon Kaen | Trip from Bangkok to Khon Kaen, Thailand | Isan Northeast Thailand",https://youtube.com/watch?v=eYzEvZWZzss,stage_1_crawl,complete,2025-11-03T18:29:42.168178Z,2025-11-03T18:29:43.879347Z,1.711169,0,,2025-11-03T18:29:40.416256Z,stage_2_chunk_pending
youtube_eYzEvZWZzss,youtube,"Things to Do in Khon Kaen | Trip from Bangkok to Khon Kaen, Thailand | Isan Northeast Thailand",https://youtube.com/watch?v=eYzEvZWZzss,stage_2_chunk,not_started,,,,0,,2025-11-03T18:29:40.416256Z,stage_2_chunk_pending
youtube_eYzEvZWZzss,youtube,"Things to Do in Khon Kaen | Trip from Bangkok to Khon Kaen, Thailand | Isan Northeast Thailand",https://youtube.com/watch?v=eYzEvZWZzss,stage_3_extract,not_started,,,,0,,2025-11-03T18:29:40.416256Z,stage_2_chunk_pending
youtube_eYzEvZWZzss,youtube,"Things to Do in Khon Kaen | Trip from Bangkok to Khon Kaen, Thailand | Isan Northeast Thailand",https://youtube.com/watch?v=eYzEvZWZzss,stage_4_normalize,not_started,,,,0,,2025-11-03T18:29:40.416256Z,stage_2_chunk_pending
youtube_eYzEvZWZzss,youtube,"Things to Do in Khon Kaen | Trip from Bangkok to Khon Kaen, Thailand | Isan Northeast Thailand",https://youtube.com/watch?v=eYzEvZWZzss,stage_5_embed,not_started,,,,0,,2025-11-03T18:29:40.416256Z,stage_2_chunk_pending
youtube_K6dnqAswUwo,youtube,Uncovering Khon Kaen’s Thailand Hidden Gem – Hin Chang Si Trail!,https://youtube.com/watch?v=K6dnqAswUwo,stage_1_crawl,complete,2025-11-03T18:29:49.660535Z,2025-11-03T18:29:51.385844Z,1.725309,0,,2025-11-03T18:29:47.676854Z,stage_2_chunk_pending
youtube_K6dnqAswUwo,youtube,Uncovering Khon Kaen’s Thailand Hidden Gem – Hin Chang Si Trail!,https://youtube.com/watch?v=K6dnqAswUwo,stage_2_chunk,not_started,,,,0,,2025-11-03T18:29:47.676854Z,stage_2_chunk_pending
youtube_K6dnqAswUwo,youtube,Uncovering Khon Kaen’s Thailand Hidden Gem – Hin Chang Si Trail!,https://youtube.com/watch?v=K6dnqAswUwo,stage_3_extract,not_started,,,,0,,2025-11-03T18:29:47.676854Z,stage_2_chunk_pending
youtube_K6dnqAswUwo,youtube,Uncovering Khon Kaen’s Thailand Hidden Gem – Hin Chang Si Trail!,https://youtube.com/watch?v=K6dnqAswUwo,stage_4_normalize,not_started,,,,0,,2025-11-03T18:29:47.676854Z,stage_2_chunk_pending
youtube_K6dnqAswUwo,youtube,Uncovering Khon Kaen’s Thailand Hidden Gem – Hin Chang Si Trail!,https://youtube.com/watch?v=K6dnqAswUwo,stage_5_embed,not_started,,,,0,,2025-11-03T18:29:47.676854Z,stage_2_chunk_pending
youtube_3oxRdD0n-BA,youtube,THAILAND'S 🇹🇭 Best Kept Secret: UBON RATCHATHANI,https://youtube.com/watch?v=3oxRdD0n-BA,stage_1_crawl,complete,2025-11-03T18:29:55.331697Z,2025-11-03T18:29:57.186763Z,1.855066,0,,2025-11-03T18:29:53.383420Z,stage_2_chunk_pending
youtube_3oxRdD0n-BA,youtube,THAILAND'S 🇹🇭 Best Kept Secret: UBON RATCHATHANI,https://youtube.com/watch?v=3oxRdD0n-BA,stage_2_chunk,not_started,,,,0,,2025-11-03T18:29:53.383420Z,stage_2_chunk_pending
youtube_3oxRdD0n-BA,youtube,THAILAND'S 🇹🇭 Best Kept Secret: UBON RATCHATHANI,https://youtube.com/watch?v=3oxRdD0n-BA,stage_3_extract,not_started,,,,0,,2025-11-03T18:29:53.383420Z,stage_2_chunk_pending
youtube_3oxRdD0n-BA,youtube,THAILAND'S 🇹🇭 Best Kept Secret: UBON RATCHATHANI,https://youtube.com/watch?v=3oxRdD0n-BA,stage_4_normalize,not_started,,,,0,,2025-11-03T18:29:53.383420Z,stage_2_chunk_pending
youtube_3oxRdD0n-BA,youtube,THAILAND'S 🇹🇭 Best Kept Secret: UBON RATCHATHANI,https://youtube.com/watch?v=3oxRdD0n-BA,stage_5_embed,not_started,,,,0,,2025-11-03T18:29:53.383420Z,stage_2_chunk_pending
youtube_rz0YDyUT3zg,youtube,Ubon Ratchathani 2024: Top Budget Luxury Stays | Thailand Travel Guide,https://youtube.com/watch?v=rz0YDyUT3zg,stage_1_crawl,complete,2025-11-03T18:30:00.874018Z,2025-11-03T18:30:02.771905Z,1.897887,0,,2025-11-03T18:29:58.890182Z,stage_2_chunk_pending
youtube_rz0YDyUT3zg,youtube,Ubon Ratchathani 2024: Top Budget Luxury Stays | Thailand Travel Guide,https://youtube.com/watch?v=rz0YDyUT3zg,stage_2_chunk,not_started,,,,0,,2025-11-03T18:29:58.890182Z,stage_2_chunk_pending
youtube_rz0YDyUT3zg,youtube,Ubon Ratchathani 2024: Top Budget Luxury Stays | Thailand Travel Guide,https://youtube.com/watch?v=rz0YDyUT3zg,stage_3_extract,not_started,,,,0,,2025-11-03T18:29:58.890182Z,stage_2_chunk_pending
youtube_rz0YDyUT3zg,youtube,Ubon Ratchathani 2024: Top Budget Luxury Stays | Thailand Travel Guide,https://youtube.com/watch?v=rz0YDyUT3zg,stage_4_normalize,not_started,,,,0,,2025-11-03T18:29:58.890182Z,stage_2_chunk_pending
youtube_rz0YDyUT3zg,youtube,Ubon Ratchathani 2024: Top Budget Luxury Stays | Thailand Travel Guide,https://youtube.com/watch?v=rz0YDyUT3zg,stage_5_embed,not_started,,,,0,,2025-11-03T18:29:58.890182Z,stage_2_chunk_pending
youtube_L_TVeOkE2eM,youtube,THAILAND'S BEST KEPT SECRET? 😱 48 Hours in Nakhon Ratchasima (Off the Beaten Path!),https://youtube.com/watch?v=L_TVeOkE2eM,stage_1_crawl,complete,2025-11-03T18:30:06.121327Z,2025-11-03T18:30:07.931496Z,1.810169,0,,2025-11-03T18:30:04.429576Z,stage_2_chunk_pending
youtube_L_TVeOkE2eM,youtube,THAILAND'S BEST KEPT SECRET? 😱 48 Hours in Nakhon Ratchasima (Off the Beaten Path!),https://youtube.com/watch?v=L_TVeOkE2eM,stage_2_chunk,not_started,,,,0,,2025-11-03T18:30:04.429576Z,stage_2_chunk_pending
youtube_L_TVeOkE2eM,youtube,THAILAND'S BEST KEPT SECRET? 😱 48 Hours in Nakhon Ratchasima (Off the Beaten Path!),https://youtube.com/watch?v=L_TVeOkE2eM,stage_3_extract,not_started,,,,0,,2025-11-03T18:30:04.429576Z,stage_2_chunk_pending
youtube_L_TVeOkE2eM,youtube,THAILAND'S BEST KEPT SECRET? 😱 48 Hours in Nakhon Ratchasima (Off the Beaten Path!),https://youtube.com/watch?v=L_TVeOkE2eM,stage_4_normalize,not_started,,,,0,,2025-11-03T18:30:04.429576Z,stage_2_chunk_pending
youtube_L_TVeOkE2eM,youtube,THAILAND'S BEST KEPT SECRET? 😱 48 Hours in Nakhon Ratchasima (Off the Beaten Path!),https://youtube.com/watch?v=L_TVeOkE2eM,stage_5_embed,not_started,,,,0,,2025-11-03T18:30:04.429576Z,stage_2_chunk_pending
youtube_4p_DyymQmr0,youtube,KORAT: 1st Impressions of Nakhon Rachasima (Worth Visiting?),https://youtube.com/watch?v=4p_DyymQmr0,stage_1_crawl,complete,2025-11-03T18:30:11.739631Z,2025-11-03T18:30:13.547504Z,1.807873,0,,2025-11-03T18:30:09.824287Z,stage_2_chunk_pending
youtube_4p_DyymQmr0,youtube,KORAT: 1st Impressions of Nakhon Rachasima (Worth Visiting?),https://youtube.com/watch?v=4p_DyymQmr0,stage_2_chunk,not_started,,,,0,,2025-11-03T18:30:09.824287Z,stage_2_chunk_pending
youtube_4p_DyymQmr0,youtube,KORAT: 1st Impressions of Nakhon Rachasima (Worth Visiting?),https://youtube.com/watch?v=4p_DyymQmr0,stage_3_extract,not_started,,,,0,,2025-11-03T18:30:09.824287Z,stage_2_chunk_pending
youtube_4p_DyymQmr0,youtube,KORAT: 1st Impressions of Nakhon Rachasima (Worth Visiting?),https://youtube.com/watch?v=4p_DyymQmr0,stage_4_normalize,not_started,,,,0,,2025-11-03T18:30:09.824287Z,stage_2_chunk_pending
youtube_4p_DyymQmr0,youtube,KORAT: 1st Impressions of Nakhon Rachasima (Worth Visiting?),https://youtube.com/watch?v=4p_DyymQmr0,stage_5_embed,not_started,,,,0,,2025-11-03T18:30:09.824287Z,stage_2_chunk_pending
youtube_1JApH6XTtRg,youtube,Nakhon Ratchasima: Pictures That Will Make You Weak In The Knees,https://youtube.com/watch?v=1JApH6XTtRg,stage_1_crawl,complete,2025-11-03T18:30:17.154715Z,2025-11-03T18:30:18.939044Z,1.784329,0,,2025-11-03T18:30:15.404328Z,stage_2_chunk_pending
youtube_1JApH6XTtRg,youtube,Nakhon Ratchasima: Pictures That Will Make You Weak In The Knees,https://youtube.com/watch?v=1JApH6XTtRg,stage_2_chunk,not_started,,,,0,,2025-11-03T18:30:15.404328Z,stage_2_chunk_pending
youtube_1JApH6XTtRg,youtube,Nakhon Ratchasima: Pictures That Will Make You Weak In The Knees,https://youtube.com/watch?v=1JApH6XTtRg,stage_3_extract,not_started,,,,0,,2025-11-03T18:30:15.404328Z,stage_2_chunk_pending
youtube_1JApH6XTtRg,youtube,Nakhon Ratchasima: Pictures That Will Make You Weak In The Knees,https://youtube.com/watch?v=1JApH6XTtRg,stage_4_normalize,not_started,,,,0,,2025-11-03T18:30:15.404328Z,stage_2_chunk_pending
youtube_1JApH6XTtRg,youtube,Nakhon Ratchasima: Pictures That Will Make You Weak In The Knees,https://youtube.com/watch?v=1JApH6XTtRg,stage_5_embed,not_started,,,,0,,2025-11-03T18:30:15.404328Z,stage_2_chunk_pending
youtube__75tdJhyKtM,youtube,"Top Things To Do In Buriram, Isarn, Nightlife, Thai Football Game, Buriram United, Phanom Rung",https://youtube.com/watch?v=_75tdJhyKtM,stage_1_crawl,complete,2025-11-03T18:30:22.581998Z,2025-11-03T18:30:24.372120Z,1.790122,0,,2025-11-03T18:30:20.859747Z,stage_2_chunk_pending
youtube__75tdJhyKtM,youtube,"Top Things To Do In Buriram, Isarn, Nightlife, Thai Football Game, Buriram United, Phanom Rung",https://youtube.com/watch?v=_75tdJhyKtM,stage_2_chunk,not_started,,,,0,,2025-11-03T18:30:20.859747Z,stage_2_chunk_pending
youtube__75tdJhyKtM,youtube,"Top Things To Do In Buriram, Isarn, Nightlife, Thai Football Game, Buriram United, Phanom Rung",https://youtube.com/watch?v=_75tdJhyKtM,stage_3_extract,not_started,,,,0,,2025-11-03T18:30:20.859747Z,stage_2_chunk_pending
youtube__75tdJhyKtM,youtube,"Top Things To Do In Buriram, Isarn, Nightlife, Thai Football Game, Buriram United, Phanom Rung",https://youtube.com/watch?v=_75tdJhyKtM,stage_4_normalize,not_started,,,,0,,2025-11-03T18:30:20.859747Z,stage_2_chunk_pending
youtube__75tdJhyKtM,youtube,"Top Things To Do In Buriram, Isarn, Nightlife, Thai Football Game, Buriram United, Phanom Rung",https://youtube.com/watch?v=_75tdJhyKtM,stage_5_embed,not_started,,,,0,,2025-11-03T18:30:20.859747Z,stage_2_chunk_pending
youtube_Yh24G9diiyw,youtube,Buriram Thailand: What Makes This City Special? | थाईलैंड के बूरीराम शहर में क्या है खास?,https://youtube.com/watch?v=Yh24G9diiyw,stage_1_crawl,complete,2025-11-03T18:30:27.834157Z,2025-11-03T18:30:29.608903Z,1.774746,0,,2025-11-03T18:30:26.050365Z,stage_2_chunk_pending
youtube_Yh24G9diiyw,youtube,Buriram Thailand: What Makes This City Special? | थाईलैंड के बूरीराम शहर में क्या है खास?,https://youtube.com/watch?v=Yh24G9diiyw,stage_2_chunk,not_started,,,,0,,2025-11-03T18:30:26.050365Z,stage_2_chunk_pending
youtube_Yh24G9diiyw,youtube,Buriram Thailand: What Makes This City Special? | थाईलैंड के बूरीराम शहर में क्या है खास?,https://youtube.com/watch?v=Yh24G9diiyw,stage_3_extract,not_started,,,,0,,2025-11-03T18:30:26.050365Z,stage_2_chunk_pending
youtube_Yh24G9diiyw,youtube,Buriram Thailand: What Makes This City Special? | थाईलैंड के बूरीराम शहर में क्या है खास?,https://youtube.com/watch?v=Yh24G9diiyw,stage_4_normalize,not_started,,,,0,,2025-11-03T18:30:26.050365Z,stage_2_chunk_pending
youtube_Yh24G9diiyw,youtube,Buriram Thailand: What Makes This City Special? | थाईलैंड के बूरीराम शहर में क्या है खास?,https://youtube.com/watch?v=Yh24G9diiyw,stage_5_embed,not_started,,,,0,,2025-11-03T18:30:26.050365Z,stage_2_chunk_pending
youtube_A27HytpYRXA,youtube,"The WORLD'S LARGEST Elephant Festival  - Surin, Thailand 2024 🇹🇭",https://youtube.com/watch?v=A27HytpYRXA,stage_1_crawl,complete,2025-11-03T18:30:35.557225Z,2025-11-03T18:30:37.829763Z,2.272538,0,,2025-11-03T18:30:31.519204Z,stage_2_chunk_pending
youtube_A27HytpYRXA,youtube,"The WORLD'S LARGEST Elephant Festival  - Surin, Thailand 2024 🇹🇭",https://youtube.com/watch?v=A27HytpYRXA,stage_2_chunk,not_started,,,,0,,2025-11-03T18:30:31.519204Z,stage_2_chunk_pending
youtube_A27HytpYRXA,youtube,"The WORLD'S LARGEST Elephant Festival  - Surin, Thailand 2024 🇹🇭",https://youtube.com/watch?v=A27HytpYRXA,stage_3_extract,not_started,,,,0,,2025-11-03T18:30:31.519204Z,stage_2_chunk_pending
youtube_A27HytpYRXA,youtube,"The WORLD'S LARGEST Elephant Festival  - Surin, Thailand 2024 🇹🇭",https://youtube.com/watch?v=A27HytpYRXA,stage_4_normalize,not_started,,,,0,,2025-11-03T18:30:31.519204Z,stage_2_chunk_pending
youtube_A27HytpYRXA,youtube,"The WORLD'S LARGEST Elephant Festival  - Surin, Thailand 2024 🇹🇭",https://youtube.com/watch?v=A27HytpYRXA,stage_5_embed,not_started,,,,0,,2025-11-03T18:30:31.519204Z,stage_2_chunk_pending
youtube_Ov-gN8HO4Do,youtube,Thailand Trip | Elephant Cultural Festival,https://youtube.com/watch?v=Ov-gN8HO4Do,stage_1_crawl,complete,2025-11-03T18:30:41.300616Z,2025-11-03T18:30:43.058409Z,1.757793,0,,2025-11-03T18:30:39.487269Z,stage_2_chunk_pending
youtube_Ov-gN8HO4Do,youtube,Thailand Trip | Elephant Cultural Festival,https://youtube.com/watch?v=Ov-gN8HO4Do,stage_2_chunk,not_started,,,,0,,2025-11-03T18:30:39.487269Z,stage_2_chunk_pending
youtube_Ov-gN8HO4Do,youtube,Thailand Trip | Elephant Cultural Festival,https://youtube.com/watch?v=Ov-gN8HO4Do,stage_3_extract,not_started,,,,0,,2025-11-03T18:30:39.487269Z,stage_2_chunk_pending
youtube_Ov-gN8HO4Do,youtube,Thailand Trip | Elephant Cultural Festival,https://youtube.com/watch?v=Ov-gN8HO4Do,stage_4_normalize,not_started,,,,0,,2025-11-03T18:30:39.487269Z,stage_2_chunk_pending
youtube_Ov-gN8HO4Do,youtube,Thailand Trip | Elephant Cultural Festival,https://youtube.com/watch?v=Ov-gN8HO4Do,stage_5_embed,not_started,,,,0,,2025-11-03T18:30:39.487269Z,stage_2_chunk_pending
youtube_IDsRlEbjOto,youtube,Loei - The Only Way is Up! - Phu Kradueng,https://youtube.com/watch?v=IDsRlEbjOto,stage_1_crawl,complete,2025-11-03T18:30:46.832118Z,2025-11-03T18:30:48.610214Z,1.778096,0,,2025-11-03T18:30:44.817585Z,stage_2_chunk_pending
youtube_IDsRlEbjOto,youtube,Loei - The Only Way is Up! - Phu Kradueng,https://youtube.com/watch?v=IDsRlEbjOto,stage_2_chunk,not_started,,,,0,,2025-11-03T18:30:44.817585Z,stage_2_chunk_pending
youtube_IDsRlEbjOto,youtube,Loei - The Only Way is Up! - Phu Kradueng,https://youtube.com/watch?v=IDsRlEbjOto,stage_3_extract,not_started,,,,0,,2025-11-03T18:30:44.817585Z,stage_2_chunk_pending
youtube_IDsRlEbjOto,youtube,Loei - The Only Way is Up! - Phu Kradueng,https://youtube.com/watch?v=IDsRlEbjOto,stage_4_normalize,not_started,,,,0,,2025-11-03T18:30:44.817585Z,stage_2_chunk_pending
youtube_IDsRlEbjOto,youtube,Loei - The Only Way is Up! - Phu Kradueng,https://youtube.com/watch?v=IDsRlEbjOto,stage_5_embed,not_started,,,,0,,2025-11-03T18:30:44.817585Z,stage_2_chunk_pending
youtube_Tl86GT_5n44,youtube,"5 Days in RAYONG: Food, Night Life, and Things To Do!",https://youtube.com/watch?v=Tl86GT_5n44,stage_1_crawl,complete,2025-11-03T18:30:59.320988Z,2025-11-03T18:31:01.304521Z,1.983533,0,,2025-11-03T18:30:57.592253Z,stage_2_chunk_pending
youtube_Tl86GT_5n44,youtube,"5 Days in RAYONG: Food, Night Life, and Things To Do!",https://youtube.com/watch?v=Tl86GT_5n44,stage_2_chunk,not_started,,,,0,,2025-11-03T18:30:57.592253Z,stage_2_chunk_pending
youtube_Tl86GT_5n44,youtube,"5 Days in RAYONG: Food, Night Life, and Things To Do!",https://youtube.com/watch?v=Tl86GT_5n44,stage_3_extract,not_started,,,,0,,2025-11-03T18:30:57.592253Z,stage_2_chunk_pending
youtube_Tl86GT_5n44,youtube,"5 Days in RAYONG: Food, Night Life, and Things To Do!",https://youtube.com/watch?v=Tl86GT_5n44,stage_4_normalize,not_started,,,,0,,2025-11-03T18:30:57.592253Z,stage_2_chunk_pending
youtube_Tl86GT_5n44,youtube,"5 Days in RAYONG: Food, Night Life, and Things To Do!",https://youtube.com/watch?v=Tl86GT_5n44,stage_5_embed,not_started,,,,0,,2025-11-03T18:30:57.592253Z,stage_2_chunk_pending
youtube_iE0uxoZk-Cg,youtube,Chanthaburi - Thailand's hidden Gem! - A Short Travel Film,https://youtube.com/watch?v=iE0uxoZk-Cg,stage_1_crawl,complete,2025-11-03T18:31:05.297448Z,2025-11-03T18:31:07.336015Z,2.038567,0,,2025-11-03T18:31:03.342990Z,stage_2_chunk_pending
youtube_iE0uxoZk-Cg,youtube,Chanthaburi - Thailand's hidden Gem! - A Short Travel Film,https://youtube.com/watch?v=iE0uxoZk-Cg,stage_2_chunk,not_started,,,,0,,2025-11-03T18:31:03.342990Z,stage_2_chunk_pending
youtube_iE0uxoZk-Cg,youtube,Chanthaburi - Thailand's hidden Gem! - A Short Travel Film,https://youtube.com/watch?v=iE0uxoZk-Cg,stage_3_extract,not_started,,,,0,,2025-11-03T18:31:03.342990Z,stage_2_chunk_pending
youtube_iE0uxoZk-Cg,youtube,Chanthaburi - Thailand's hidden Gem! - A Short Travel Film,https://youtube.com/watch?v=iE0uxoZk-Cg,stage_4_normalize,not_started,,,,0,,2025-11-03T18:31:03.342990Z,stage_2_chunk_pending
youtube_iE0uxoZk-Cg,youtube,Chanthaburi - Thailand's hidden Gem! - A Short Travel Film,https://youtube.com/watch?v=iE0uxoZk-Cg,stage_5_embed,not_started,,,,0,,2025-11-03T18:31:03.342990Z,stage_2_chunk_pending
youtube_tq6cVSO1EO0,youtube,THAILAND perfect 6-9 Days ITINERARY | TOP places to visit in THAILAND | THAILAND Complete Tour Guide,https://youtube.com/watch?v=tq6cVSO1EO0,stage_1_crawl,complete,2025-11-03T20:35:27.111338Z,2025-11-03T20:35:28.856935Z,1.745597,0,,2025-11-03T20:35:24.395290Z,stage_2_chunk_pending
youtube_tq6cVSO1EO0,youtube,THAILAND perfect 6-9 Days ITINERARY | TOP places to visit in THAILAND | THAILAND Complete Tour Guide,https://youtube.com/watch?v=tq6cVSO1EO0,stage_2_chunk,not_started,,,,0,,2025-11-03T20:35:24.395290Z,stage_2_chunk_pending
youtube_tq6cVSO1EO0,youtube,THAILAND perfect 6-9 Days ITINERARY | TOP places to visit in THAILAND | THAILAND Complete Tour Guide,https://youtube.com/watch?v=tq6cVSO1EO0,stage_3_extract,not_started,,,,0,,2025-11-03T20:35:24.395290Z,stage_2_chunk_pending
youtube_tq6cVSO1EO0,youtube,THAILAND perfect 6-9 Days ITINERARY | TOP places to visit in THAILAND | THAILAND Complete Tour Guide,https://youtube.com/watch?v=tq6cVSO1EO0,stage_4_normalize,not_started,,,,0,,2025-11-03T20:35:24.395290Z,stage_2_chunk_pending
youtube_tq6cVSO1EO0,youtube,THAILAND perfect 6-9 Days ITINERARY | TOP places to visit in THAILAND | THAILAND Complete Tour Guide,https://youtube.com/watch?v=tq6cVSO1EO0,stage_5_embed,not_started,,,,0,,2025-11-03T20:35:24.395290Z,stage_2_chunk_pending
youtube_wkirLQ7RZK4,youtube,"12 REASONS Khon Kaen, Thailand is GREAT for EXPATS",https://youtube.com/watch?v=wkirLQ7RZK4,stage_1_crawl,complete,2025-11-03T20:50:23.209640Z,2025-11-03T20:50:25.021682Z,1.812042,0,,2025-11-03T20:50:20.426932Z,stage_2_chunk_pending
youtube_wkirLQ7RZK4,youtube,"12 REASONS Khon Kaen, Thailand is GREAT for EXPATS",https://youtube.com/watch?v=wkirLQ7RZK4,stage_2_chunk,not_started,,,,0,,2025-11-03T20:50:20.426932Z,stage_2_chunk_pending
youtube_wkirLQ7RZK4,youtube,"12 REASONS Khon Kaen, Thailand is GREAT for EXPATS",https://youtube.com/watch?v=wkirLQ7RZK4,stage_3_extract,not_started,,,,0,,2025-11-03T20:50:20.426932Z,stage_2_chunk_pending
youtube_wkirLQ7RZK4,youtube,"12 REASONS Khon Kaen, Thailand is GREAT for EXPATS",https://youtube.com/watch?v=wkirLQ7RZK4,stage_4_normalize,not_started,,,,0,,2025-11-03T20:50:20.426932Z,stage_2_chunk_pending
youtube_wkirLQ7RZK4,youtube,"12 REASONS Khon Kaen, Thailand is GREAT for EXPATS",https://youtube.com/watch?v=wkirLQ7RZK4,stage_5_embed,not_started,,,,0,,2025-11-03T20:50:20.426932Z,stage_2_chunk_pending
youtube_7QAy5WMejrA,youtube,Madness In Nong Khai 🇹🇭 Journey Along The Mekong,https://youtube.com/watch?v=7QAy5WMejrA,stage_1_crawl,complete,2025-11-03T20:50:28.603402Z,2025-11-03T20:50:30.432827Z,1.829425,0,,2025-11-03T20:50:26.842157Z,stage_2_chunk_pending
youtube_7QAy5WMejrA,youtube,Madness In Nong Khai 🇹🇭 Journey Along The Mekong,https://youtube.com/watch?v=7QAy5WMejrA,stage_2_chunk,not_started,,,,0,,2025-11-03T20:50:26.842157Z,stage_2_chunk_pending
youtube_7QAy5WMejrA,youtube,Madness In Nong Khai 🇹🇭 Journey Along The Mekong,https://youtube.com/watch?v=7QAy5WMejrA,stage_3_extract,not_started,,,,0,,2025-11-03T20:50:26.842157Z,stage_2_chunk_pending
youtube_7QAy5WMejrA,youtube,Madness In Nong Khai 🇹🇭 Journey Along The Mekong,https://youtube.com/watch?v=7QAy5WMejrA,stage_4_normalize,not_started,,,,0,,2025-11-03T20:50:26.842157Z,stage_2_chunk_pending
youtube_7QAy5WMejrA,youtube,Madness In Nong Khai 🇹🇭 Journey Along The Mekong,https://youtube.com/watch?v=7QAy5WMejrA,stage_5_embed,not_started,,,,0,,2025-11-03T20:50:26.842157Z,stage_2_chunk_pending
youtube_cLRgKEB5Er8,youtube,A Fresh Start In Thailand 🇹🇭 2025 Road Trip In Rayong Begins!,https://youtube.com/watch?v=cLRgKEB5Er8,stage_1_crawl,complete,2025-11-03T20:50:34.002250Z,2025-11-03T20:50:35.829131Z,1.826881,0,,2025-11-03T20:50:32.212918Z,stage_2_chunk_pending
youtube_cLRgKEB5Er8,youtube,A Fresh Start In Thailand 🇹🇭 2025 Road Trip In Rayong Begins!,https://youtube.com/watch?v=cLRgKEB5Er8,stage_2_chunk,not_started,,,,0,,2025-11-03T20:50:32.212918Z,stage_2_chunk_pending
youtube_cLRgKEB5Er8,youtube,A Fresh Start In Thailand 🇹🇭 2025 Road Trip In Rayong Begins!,https://youtube.com/watch?v=cLRgKEB5Er8,stage_3_extract,not_started,,,,0,,2025-11-03T20:50:32.212918Z,stage_2_chunk_pending
youtube_cLRgKEB5Er8,youtube,A Fresh Start In Thailand 🇹🇭 2025 Road Trip In Rayong Begins!,https://youtube.com/watch?v=cLRgKEB5Er8,stage_4_normalize,not_started,,,,0,,2025-11-03T20:50:32.212918Z,stage_2_chunk_pending
youtube_cLRgKEB5Er8,youtube,A Fresh Start In Thailand 🇹🇭 2025 Road Trip In Rayong Begins!,https://youtube.com/watch?v=cLRgKEB5Er8,stage_5_embed,not_started,,,,0,,2025-11-03T20:50:32.212918Z,stage_2_chunk_pending
youtube_VXVeRi9XAps,youtube,Explore “undiscovered” Rayong Thailand | 3 hours from Bangkok !,https://youtube.com/watch?v=VXVeRi9XAps,stage_1_crawl,complete,2025-11-03T20:50:39.445740Z,2025-11-03T20:50:41.208314Z,1.762574,0,,2025-11-03T20:50:37.695878Z,stage_2_chunk_pending
youtube_VXVeRi9XAps,youtube,Explore “undiscovered” Rayong Thailand | 3 hours from Bangkok !,https://youtube.com/watch?v=VXVeRi9XAps,stage_2_chunk,not_started,,,,0,,2025-11-03T20:50:37.695878Z,stage_2_chunk_pending
youtube_VXVeRi9XAps,youtube,Explore “undiscovered” Rayong Thailand | 3 hours from Bangkok !,https://youtube.com/watch?v=VXVeRi9XAps,stage_3_extract,not_started,,,,0,,2025-11-03T20:50:37.695878Z,stage_2_chunk_pending
youtube_VXVeRi9XAps,youtube,Explore “undiscovered” Rayong Thailand | 3 hours from Bangkok !,https://youtube.com/watch?v=VXVeRi9XAps,stage_4_normalize,not_started,,,,0,,2025-11-03T20:50:37.695878Z,stage_2_chunk_pending
youtube_VXVeRi9XAps,youtube,Explore “undiscovered” Rayong Thailand | 3 hours from Bangkok !,https://youtube.com/watch?v=VXVeRi9XAps,stage_5_embed,not_started,,,,0,,2025-11-03T20:50:37.695878Z,stage_2_chunk_pending
youtube_c1_0GOmr4E0,youtube,CHANTHABURI - Most Underrated City in Thailand,https://youtube.com/watch?v=c1_0GOmr4E0,stage_1_crawl,complete,2025-11-03T20:50:44.780999Z,2025-11-03T20:50:46.515329Z,1.73433,0,,2025-11-03T20:50:42.941046Z,stage_2_chunk_pending
youtube_c1_0GOmr4E0,youtube,CHANTHABURI - Most Underrated City in Thailand,https://youtube.com/watch?v=c1_0GOmr4E0,stage_2_chunk,not_started,,,,0,,2025-11-03T20:50:42.941046Z,stage_2_chunk_pending
youtube_c1_0GOmr4E0,youtube,CHANTHABURI - Most Underrated City in Thailand,https://youtube.com/watch?v=c1_0GOmr4E0,stage_3_extract,not_started,,,,0,,2025-11-03T20:50:42.941046Z,stage_2_chunk_pending
youtube_c1_0GOmr4E0,youtube,CHANTHABURI - Most Underrated City in Thailand,https://youtube.com/watch?v=c1_0GOmr4E0,stage_4_normalize,not_started,,,,0,,2025-11-03T20:50:42.941046Z,stage_2_chunk_pending
youtube_c1_0GOmr4E0,youtube,CHANTHABURI - Most Underrated City in Thailand,https://youtube.com/watch?v=c1_0GOmr4E0,stage_5_embed,not_started,,,,0,,2025-11-03T20:50:42.941046Z,stage_2_chunk_pending
youtube_xnLdhyjS_BE,youtube,Chanthaburi Town Tour Things to See and Do 🇹🇭 Thailand,https://youtube.com/watch?v=xnLdhyjS_BE,stage_1_crawl,complete,2025-11-03T20:50:50.054733Z,2025-11-03T20:50:51.868390Z,1.813657,0,,2025-11-03T20:50:48.265089Z,stage_2_chunk_pending
youtube_xnLdhyjS_BE,youtube,Chanthaburi Town Tour Things to See and Do 🇹🇭 Thailand,https://youtube.com/watch?v=xnLdhyjS_BE,stage_2_chunk,not_started,,,,0,,2025-11-03T20:50:48.265089Z,stage_2_chunk_pending
youtube_xnLdhyjS_BE,youtube,Chanthaburi Town Tour Things to See and Do 🇹🇭 Thailand,https://youtube.com/watch?v=xnLdhyjS_BE,stage_3_extract,not_started,,,,0,,2025-11-03T20:50:48.265089Z,stage_2_chunk_pending
youtube_xnLdhyjS_BE,youtube,Chanthaburi Town Tour Things to See and Do 🇹🇭 Thailand,https://youtube.com/watch?v=xnLdhyjS_BE,stage_4_normalize,not_started,,,,0,,2025-11-03T20:50:48.265089Z,stage_2_chunk_pending
youtube_xnLdhyjS_BE,youtube,Chanthaburi Town Tour Things to See and Do 🇹🇭 Thailand,https://youtube.com/watch?v=xnLdhyjS_BE,stage_5_embed,not_started,,,,0,,2025-11-03T20:50:48.265089Z,stage_2_chunk_pending
